YEAR,MUNICIPALITY,MUNICIPALITY_CODE,POSTERIOR_MEAN_CASES,LOWER_CREDIBLE_CASES,UPPER_CREDIBLE_CASES,MEAN_OUTBREAK_PROBABILITY,MAX_OUTBREAK_PROBABILITY,AUTOMATIC_OUTBREAK_ALERT_MONTHS,MAX_CRITICAL_BARANGAYS
2026,Banga,1206302000,339.364000,0.000000,1122.775000,0.181182,0.344000,0,0
2026,City of Koronadal,1206306000,102.572000,0.000000,635.925000,0.059889,0.172000,0,0
2026,Lake Sebu,1206319000,245.500000,0.000000,868.250000,0.257912,0.376000,0,0
2026,Norala,1206311000,191.176000,0.000000,666.500000,0.107905,0.176000,0,0
2026,Polomolok,1206312000,630.852000,17.450000,1785.875000,0.302377,0.472000,72,0
2026,Santo Niño,1206318000,149.492000,0.000000,510.275000,0.167667,0.316000,0,0
2026,Surallah,1206313000,448.824000,0.000000,1281.450000,0.140608,0.304000,59,0
2026,T'Boli,1206316000,344.092000,0.000000,1189.775000,0.262307,0.424000,0,0
2026,Tampakan,1206314000,197.672000,0.000000,672.725000,0.164405,0.328000,0,0
2026,Tantangan,1206315000,50.000000,0.000000,304.175000,0.077026,0.172000,0,0
2026,Tupi,1206317000,230.908000,0.000000,775.150000,0.026489,0.176000,2,0
2027,Banga,1206302000,347.164000,0.000000,1139.050000,0.189470,0.344000,0,0
2027,City of Koronadal,1206306000,104.572000,0.000000,650.025000,0.062074,0.156000,0,0
2027,Lake Sebu,1206319000,246.084000,0.000000,869.150000,0.262211,0.408000,0,0
2027,Norala,1206311000,192.108000,0.000000,673.175000,0.111071,0.180000,0,0
2027,Polomolok,1206312000,645.796000,16.450000,1826.975000,0.313116,0.476000,96,0
2027,Santo Niño,1206318000,150.736000,0.000000,502.850000,0.174633,0.344000,0,0
2027,Surallah,1206313000,454.900000,0.000000,1315.100000,0.146431,0.276000,74,0
2027,T'Boli,1206316000,354.472000,0.000000,1213.000000,0.272627,0.416000,0,0
2027,Tampakan,1206314000,202.896000,0.000000,694.500000,0.173262,0.360000,0,0
2027,Tantangan,1206315000,50.728000,0.000000,304.525000,0.076436,0.196000,0,0
2027,Tupi,1206317000,223.732000,0.000000,749.050000,0.024978,0.204000,0,0
2028,Banga,1206302000,353.364000,0.000000,1181.675000,0.196333,0.384000,0,0
2028,City of Koronadal,1206306000,106.144000,0.000000,638.025000,0.061938,0.168000,0,0
2028,Lake Sebu,1206319000,252.964000,0.000000,894.025000,0.269053,0.408000,0,0
2028,Norala,1206311000,194.452000,0.000000,674.725000,0.115310,0.212000,0,0
2028,Polomolok,1206312000,657.556000,16.000000,1881.825000,0.320333,0.492000,109,0
2028,Santo Niño,1206318000,151.400000,0.000000,507.400000,0.171967,0.300000,0,0
2028,Surallah,1206313000,462.144000,0.000000,1337.675000,0.156510,0.300000,69,0
2028,T'Boli,1206316000,361.652000,0.000000,1236.650000,0.279813,0.428000,0,0
2028,Tampakan,1206314000,202.656000,0.000000,684.375000,0.172929,0.328000,0,0
2028,Tantangan,1206315000,52.380000,0.000000,311.525000,0.079615,0.184000,0,0
2028,Tupi,1206317000,219.396000,0.000000,753.825000,0.025311,0.180000,0,0
2029,Banga,1206302000,359.492000,0.000000,1194.900000,0.201000,0.360000,0,0
2029,City of Koronadal,1206306000,105.936000,0.000000,639.800000,0.062247,0.168000,0,0
2029,Lake Sebu,1206319000,257.828000,0.000000,904.250000,0.276281,0.384000,0,0
2029,Norala,1206311000,196.532000,0.000000,681.400000,0.118571,0.184000,0,0
2029,Polomolok,1206312000,664.036000,15.675000,1910.075000,0.325449,0.480000,99,0
2029,Santo Niño,1206318000,151.328000,0.000000,517.950000,0.173400,0.324000,0,0
2029,Surallah,1206313000,470.080000,0.000000,1382.450000,0.164020,0.308000,72,0
2029,T'Boli,1206316000,366.660000,0.000000,1264.000000,0.282520,0.404000,0,0
2029,Tampakan,1206314000,205.580000,0.000000,703.725000,0.176310,0.352000,0,0
2029,Tantangan,1206315000,52.080000,0.000000,316.850000,0.079923,0.204000,0,0
2029,Tupi,1206317000,213.832000,0.000000,748.625000,0.023844,0.176000,0,0
2030,Banga,1206302000,365.416000,0.000000,1212.775000,0.208803,0.380000,0,0
2030,City of Koronadal,1206306000,106.868000,0.000000,643.250000,0.063099,0.152000,0,0
2030,Lake Sebu,1206319000,263.452000,0.000000,930.825000,0.284281,0.428000,0,0
2030,Norala,1206311000,197.344000,0.000000,695.500000,0.121405,0.192000,0,0
2030,Polomolok,1206312000,674.508000,12.900000,1962.050000,0.331739,0.496000,106,0
2030,Santo Niño,1206318000,150.432000,0.000000,520.950000,0.174933,0.312000,0,0
2030,Surallah,1206313000,479.568000,0.000000,1412.200000,0.171353,0.296000,92,0
2030,T'Boli,1206316000,372.972000,0.000000,1288.775000,0.287533,0.400000,0,0
2030,Tampakan,1206314000,206.536000,0.000000,709.600000,0.180095,0.348000,0,0
2030,Tantangan,1206315000,53.000000,0.000000,322.625000,0.081205,0.184000,0,0
2030,Tupi,1206317000,213.960000,0.000000,734.625000,0.023200,0.160000,0,0
2031,Banga,1206302000,367.940000,0.000000,1242.900000,0.208924,0.372000,0,0
2031,City of Koronadal,1206306000,108.480000,0.000000,653.800000,0.065321,0.184000,0,0
2031,Lake Sebu,1206319000,266.220000,0.000000,945.900000,0.283333,0.396000,2,0
2031,Norala,1206311000,199.868000,0.000000,700.050000,0.121405,0.192000,0,0
2031,Polomolok,1206312000,684.620000,16.450000,1996.875000,0.338594,0.492000,104,0
2031,Santo Niño,1206318000,149.528000,0.000000,520.525000,0.172633,0.320000,0,0
2031,Surallah,1206313000,480.568000,0.000000,1432.350000,0.175118,0.336000,82,0
2031,T'Boli,1206316000,375.324000,0.000000,1308.750000,0.290227,0.396000,0,0
2031,Tampakan,1206314000,209.844000,0.000000,735.950000,0.186595,0.376000,0,0
2031,Tantangan,1206315000,53.648000,0.000000,318.725000,0.083051,0.184000,0,0
2031,Tupi,1206317000,211.552000,0.000000,751.725000,0.023800,0.156000,0,0
2032,Banga,1206302000,370.296000,0.000000,1253.875000,0.215364,0.400000,0,0
2032,City of Koronadal,1206306000,108.364000,0.000000,651.700000,0.064642,0.196000,0,0
2032,Lake Sebu,1206319000,266.224000,0.000000,949.150000,0.285439,0.408000,0,0
2032,Norala,1206311000,198.828000,0.000000,708.175000,0.124786,0.192000,0,0
2032,Polomolok,1206312000,688.764000,11.225000,2022.950000,0.342130,0.520000,106,0
2032,Santo Niño,1206318000,151.888000,0.000000,525.075000,0.178100,0.336000,0,0
2032,Surallah,1206313000,485.292000,0.000000,1452.650000,0.178510,0.268000,73,0
2032,T'Boli,1206316000,379.484000,0.000000,1332.775000,0.294413,0.440000,0,0
2032,Tampakan,1206314000,210.120000,0.000000,740.375000,0.186500,0.352000,0,0
2032,Tantangan,1206315000,53.128000,0.000000,327.400000,0.081128,0.176000,0,0
2032,Tupi,1206317000,209.208000,0.000000,747.700000,0.024511,0.184000,0,0
2033,Banga,1206302000,375.088000,0.000000,1282.550000,0.218121,0.380000,0,0
2033,City of Koronadal,1206306000,108.040000,0.000000,648.925000,0.063642,0.176000,0,0
2033,Lake Sebu,1206319000,262.260000,0.000000,947.800000,0.281123,0.460000,0,0
2033,Norala,1206311000,199.416000,0.000000,707.825000,0.126238,0.200000,0,0
2033,Polomolok,1206312000,693.316000,8.675000,2068.375000,0.343304,0.500000,113,0
2033,Santo Niño,1206318000,152.752000,0.000000,533.400000,0.180800,0.352000,0,0
2033,Surallah,1206313000,484.068000,0.000000,1464.650000,0.178569,0.320000,92,0
2033,T'Boli,1206316000,377.060000,0.000000,1331.125000,0.291613,0.424000,0,0
2033,Tampakan,1206314000,210.820000,0.000000,748.700000,0.188024,0.336000,0,0
2033,Tantangan,1206315000,53.348000,0.000000,322.175000,0.081410,0.200000,0,0
2033,Tupi,1206317000,210.408000,0.000000,755.475000,0.024889,0.144000,0,0
2034,Banga,1206302000,371.740000,0.000000,1285.575000,0.215591,0.388000,0,0
2034,City of Koronadal,1206306000,108.288000,0.000000,643.150000,0.064716,0.184000,0,0
2034,Lake Sebu,1206319000,266.692000,0.000000,954.025000,0.285965,0.416000,0,0
2034,Norala,1206311000,200.216000,0.000000,718.950000,0.127214,0.208000,0,0
2034,Polomolok,1206312000,698.628000,11.225000,2102.500000,0.345304,0.512000,105,0
2034,Santo Niño,1206318000,151.612000,0.000000,541.625000,0.180767,0.324000,0,0
2034,Surallah,1206313000,488.760000,0.000000,1499.450000,0.185451,0.284000,81,0
2034,T'Boli,1206316000,378.520000,0.000000,1343.750000,0.291507,0.408000,0,0
2034,Tampakan,1206314000,205.900000,0.000000,746.025000,0.181929,0.340000,0,0
2034,Tantangan,1206315000,53.480000,0.000000,322.950000,0.083359,0.192000,0,0
2034,Tupi,1206317000,209.544000,0.000000,761.475000,0.025200,0.184000,0,0
2035,Banga,1206302000,375.440000,0.000000,1308.000000,0.219364,0.400000,0,0
2035,City of Koronadal,1206306000,110.476000,0.000000,667.025000,0.066333,0.196000,0,0
2035,Lake Sebu,1206319000,264.856000,0.000000,971.675000,0.280404,0.412000,0,0
2035,Norala,1206311000,198.884000,0.000000,724.050000,0.128786,0.200000,0,0
2035,Polomolok,1206312000,688.748000,3.900000,2107.250000,0.340087,0.504000,101,0
2035,Santo Niño,1206318000,151.936000,0.000000,546.400000,0.182333,0.352000,0,0
2035,Surallah,1206313000,489.404000,0.000000,1519.975000,0.184373,0.324000,93,0
2035,T'Boli,1206316000,383.904000,0.000000,1377.750000,0.296453,0.436000,0,0
2035,Tampakan,1206314000,211.296000,0.000000,744.275000,0.188262,0.352000,0,0
2035,Tantangan,1206315000,54.040000,0.000000,326.950000,0.082000,0.192000,0,0
2035,Tupi,1206317000,209.040000,0.000000,770.825000,0.025444,0.188000,0,0
2036,Banga,1206302000,377.956000,0.000000,1327.900000,0.222379,0.372000,0,0
2036,City of Koronadal,1206306000,108.920000,0.000000,655.775000,0.065333,0.180000,0,0
2036,Lake Sebu,1206319000,262.724000,0.000000,993.650000,0.278509,0.396000,0,0
2036,Norala,1206311000,199.024000,0.000000,734.700000,0.129571,0.204000,0,0
2036,Polomolok,1206312000,699.412000,8.000000,2185.225000,0.344014,0.520000,106,0
2036,Santo Niño,1206318000,153.548000,0.000000,557.275000,0.183633,0.336000,0,0
2036,Surallah,1206313000,488.196000,0.000000,1532.000000,0.187020,0.304000,78,0
2036,T'Boli,1206316000,379.716000,0.000000,1367.325000,0.293467,0.436000,0,0
2036,Tampakan,1206314000,211.472000,0.000000,769.275000,0.190429,0.356000,0,0
2036,Tantangan,1206315000,55.504000,0.000000,321.300000,0.086000,0.208000,0,0
2036,Tupi,1206317000,207.556000,0.000000,774.800000,0.025222,0.164000,0,0
2037,Banga,1206302000,372.804000,0.000000,1323.625000,0.217970,0.368000,0,0
2037,City of Koronadal,1206306000,109.860000,0.000000,669.450000,0.067062,0.172000,0,0
2037,Lake Sebu,1206319000,261.416000,0.000000,994.900000,0.273018,0.400000,1,0
2037,Norala,1206311000,199.832000,0.000000,745.275000,0.129952,0.216000,0,0
2037,Polomolok,1206312000,704.372000,3.675000,2208.925000,0.343000,0.512000,102,0
2037,Santo Niño,1206318000,149.896000,0.000000,547.950000,0.177267,0.336000,0,0
2037,Surallah,1206313000,487.560000,0.000000,1558.975000,0.189431,0.296000,38,0
2037,T'Boli,1206316000,380.696000,0.000000,1378.775000,0.292613,0.432000,0,0
2037,Tampakan,1206314000,211.508000,0.000000,770.475000,0.190071,0.372000,0,0
2037,Tantangan,1206315000,54.432000,0.000000,323.300000,0.083462,0.188000,0,0
2037,Tupi,1206317000,207.384000,0.000000,784.800000,0.026044,0.160000,0,0
2038,Banga,1206302000,374.748000,0.000000,1353.625000,0.220667,0.384000,0,0
2038,City of Koronadal,1206306000,108.616000,0.000000,651.800000,0.064593,0.164000,0,0
2038,Lake Sebu,1206319000,264.680000,0.000000,994.450000,0.281035,0.396000,1,0
2038,Norala,1206311000,196.612000,0.000000,743.700000,0.126595,0.192000,0,0
2038,Polomolok,1206312000,697.300000,3.000000,2217.475000,0.340855,0.496000,116,0
2038,Santo Niño,1206318000,152.944000,0.000000,563.275000,0.181567,0.328000,0,0
2038,Surallah,1206313000,483.784000,0.000000,1572.200000,0.187078,0.324000,65,0
2038,T'Boli,1206316000,380.712000,0.000000,1407.400000,0.291987,0.432000,0,0
2038,Tampakan,1206314000,209.520000,0.000000,778.050000,0.186952,0.344000,0,0
2038,Tantangan,1206315000,53.248000,0.000000,327.175000,0.081974,0.192000,0,0
2038,Tupi,1206317000,206.472000,0.000000,786.375000,0.027378,0.184000,0,0
2039,Banga,1206302000,370.680000,0.000000,1347.650000,0.217848,0.376000,0,0
2039,City of Koronadal,1206306000,109.232000,0.000000,654.700000,0.065259,0.152000,0,0
2039,Lake Sebu,1206319000,264.060000,0.000000,1007.325000,0.279404,0.400000,0,0
2039,Norala,1206311000,199.772000,0.000000,764.150000,0.132881,0.212000,0,0
2039,Polomolok,1206312000,691.856000,2.675000,2219.050000,0.338188,0.480000,103,0
2039,Santo Niño,1206318000,152.568000,0.000000,569.825000,0.180867,0.360000,0,0
2039,Surallah,1206313000,488.580000,0.000000,1587.325000,0.190765,0.316000,65,0
2039,T'Boli,1206316000,378.904000,0.000000,1404.450000,0.291533,0.420000,0,0
2039,Tampakan,1206314000,207.800000,0.000000,776.925000,0.187690,0.380000,0,0
2039,Tantangan,1206315000,51.508000,0.000000,309.500000,0.078256,0.188000,0,0
2039,Tupi,1206317000,211.812000,0.000000,801.600000,0.027333,0.148000,0,0
2040,Banga,1206302000,373.028000,0.000000,1375.425000,0.217455,0.356000,0,0
2040,City of Koronadal,1206306000,110.044000,0.000000,659.250000,0.066346,0.184000,0,0
2040,Lake Sebu,1206319000,262.864000,0.000000,1015.425000,0.277316,0.388000,0,0
2040,Norala,1206311000,197.516000,0.000000,758.700000,0.131024,0.224000,0,0
2040,Polomolok,1206312000,692.364000,0.000000,2242.600000,0.337420,0.484000,101,0
2040,Santo Niño,1206318000,152.156000,0.000000,575.375000,0.183233,0.356000,0,0
2040,Surallah,1206313000,482.180000,0.000000,1593.625000,0.186784,0.332000,66,0
2040,T'Boli,1206316000,380.864000,0.000000,1436.950000,0.292240,0.416000,0,0
2040,Tampakan,1206314000,210.220000,0.000000,797.800000,0.190429,0.356000,0,0
2040,Tantangan,1206315000,53.772000,0.000000,321.500000,0.083923,0.200000,0,0
2040,Tupi,1206317000,209.436000,0.000000,806.575000,0.027222,0.176000,0,0
2041,Banga,1206302000,371.316000,0.000000,1370.875000,0.218818,0.368000,0,0
2041,City of Koronadal,1206306000,107.912000,0.000000,657.350000,0.064111,0.160000,0,0
2041,Lake Sebu,1206319000,262.024000,0.000000,1019.875000,0.275877,0.396000,0,0
2041,Norala,1206311000,200.032000,0.000000,770.825000,0.134238,0.204000,0,0
2041,Polomolok,1206312000,686.520000,0.000000,2287.550000,0.331754,0.464000,108,0
2041,Santo Niño,1206318000,152.136000,0.000000,576.250000,0.184533,0.312000,0,0
2041,Surallah,1206313000,481.640000,0.000000,1616.050000,0.187020,0.304000,72,0
2041,T'Boli,1206316000,378.424000,0.000000,1447.850000,0.287293,0.424000,0,0
2041,Tampakan,1206314000,205.580000,0.000000,793.800000,0.183738,0.324000,0,0
2041,Tantangan,1206315000,53.928000,0.000000,322.625000,0.084128,0.200000,0,0
2041,Tupi,1206317000,209.376000,0.000000,807.925000,0.029489,0.184000,0,0
2042,Banga,1206302000,369.436000,0.000000,1397.050000,0.218136,0.372000,0,0
2042,City of Koronadal,1206306000,108.376000,0.000000,654.600000,0.064605,0.172000,0,0
2042,Lake Sebu,1206319000,259.200000,0.000000,1017.225000,0.270105,0.400000,0,0
2042,Norala,1206311000,200.028000,0.000000,775.250000,0.137524,0.212000,0,0
2042,Polomolok,1206312000,688.156000,0.000000,2312.775000,0.330913,0.476000,106,0
2042,Santo Niño,1206318000,151.808000,0.000000,580.175000,0.185433,0.344000,0,0
2042,Surallah,1206313000,482.980000,0.000000,1643.225000,0.190157,0.304000,65,0
2042,T'Boli,1206316000,375.028000,0.000000,1440.300000,0.285293,0.436000,0,0
2042,Tampakan,1206314000,206.300000,0.000000,791.700000,0.187262,0.328000,0,0
2042,Tantangan,1206315000,54.276000,0.000000,327.525000,0.083846,0.204000,0,0
2042,Tupi,1206317000,212.300000,0.000000,810.600000,0.030911,0.180000,0,0
2043,Banga,1206302000,366.052000,0.000000,1396.300000,0.213848,0.384000,0,0
2043,City of Koronadal,1206306000,106.712000,0.000000,650.150000,0.063296,0.188000,0,0
2043,Lake Sebu,1206319000,260.940000,0.000000,1041.250000,0.272298,0.384000,0,0
2043,Norala,1206311000,197.436000,0.000000,784.700000,0.133881,0.224000,0,0
2043,Polomolok,1206312000,681.068000,0.000000,2308.575000,0.325348,0.468000,91,0
2043,Santo Niño,1206318000,148.728000,0.000000,582.175000,0.180100,0.304000,0,0
2043,Surallah,1206313000,485.500000,0.000000,1681.050000,0.192235,0.332000,52,0
2043,T'Boli,1206316000,374.900000,0.000000,1449.750000,0.284013,0.408000,0,0
2043,Tampakan,1206314000,207.884000,0.000000,809.350000,0.188167,0.344000,0,0
2043,Tantangan,1206315000,53.716000,0.000000,324.050000,0.083897,0.216000,0,0
2043,Tupi,1206317000,214.804000,0.000000,846.925000,0.031022,0.160000,0,0
2044,Banga,1206302000,366.980000,0.000000,1405.950000,0.214848,0.372000,0,0
2044,City of Koronadal,1206306000,106.156000,0.000000,655.025000,0.063877,0.200000,0,0
2044,Lake Sebu,1206319000,257.444000,0.000000,1033.900000,0.268439,0.400000,0,0
2044,Norala,1206311000,198.716000,0.000000,791.550000,0.137667,0.216000,0,0
2044,Polomolok,1206312000,676.096000,0.000000,2350.025000,0.321362,0.460000,109,0
2044,Santo Niño,1206318000,150.148000,0.000000,582.275000,0.182067,0.328000,0,0
2044,Surallah,1206313000,474.960000,0.000000,1662.600000,0.186294,0.316000,86,0
2044,T'Boli,1206316000,373.692000,0.000000,1462.075000,0.282813,0.444000,0,0
2044,Tampakan,1206314000,207.048000,0.000000,822.475000,0.186905,0.340000,0,0
2044,Tantangan,1206315000,53.660000,0.000000,322.950000,0.082692,0.176000,0,0
2044,Tupi,1206317000,211.388000,0.000000,831.125000,0.029844,0.184000,0,0
2045,Banga,1206302000,365.304000,0.000000,1422.300000,0.215045,0.376000,0,0
2045,City of Koronadal,1206306000,108.112000,0.000000,659.025000,0.065074,0.168000,0,0
2045,Lake Sebu,1206319000,259.048000,0.000000,1051.775000,0.268509,0.408000,0,0
2045,Norala,1206311000,201.332000,0.000000,814.450000,0.139381,0.224000,0,0
2045,Polomolok,1206312000,681.416000,1.000000,2390.425000,0.324029,0.460000,84,0
2045,Santo Niño,1206318000,151.288000,0.000000,596.375000,0.184300,0.340000,0,0
2045,Surallah,1206313000,479.212000,0.000000,1697.925000,0.190706,0.296000,59,0
2045,T'Boli,1206316000,368.660000,0.000000,1467.200000,0.279440,0.424000,0,0
2045,Tampakan,1206314000,207.676000,0.000000,828.700000,0.188929,0.348000,0,0
2045,Tantangan,1206315000,54.488000,0.000000,331.975000,0.084410,0.192000,0,0
2045,Tupi,1206317000,212.432000,0.000000,848.575000,0.032511,0.172000,0,0
2046,Banga,1206302000,357.824000,0.000000,1408.100000,0.209136,0.356000,0,0
2046,City of Koronadal,1206306000,106.352000,0.000000,661.700000,0.063383,0.156000,0,0
2046,Lake Sebu,1206319000,256.588000,0.000000,1050.100000,0.267140,0.392000,0,0
2046,Norala,1206311000,197.108000,0.000000,811.800000,0.134810,0.212000,0,0
2046,Polomolok,1206312000,679.216000,0.000000,2400.525000,0.322333,0.460000,100,0
2046,Santo Niño,1206318000,151.044000,0.000000,608.050000,0.186833,0.312000,0,0
2046,Surallah,1206313000,477.572000,0.000000,1694.525000,0.190294,0.292000,60,0
2046,T'Boli,1206316000,375.452000,0.000000,1505.925000,0.283827,0.428000,0,0
2046,Tampakan,1206314000,205.556000,0.000000,825.350000,0.186119,0.336000,0,0
2046,Tantangan,1206315000,53.064000,0.000000,328.500000,0.082872,0.192000,0,0
2046,Tupi,1206317000,212.620000,0.000000,854.350000,0.032689,0.156000,0,0
2047,Banga,1206302000,361.416000,0.000000,1440.400000,0.213712,0.352000,0,0
2047,City of Koronadal,1206306000,107.188000,0.000000,654.575000,0.064309,0.152000,0,0
2047,Lake Sebu,1206319000,255.740000,0.000000,1051.675000,0.265404,0.384000,0,0
2047,Norala,1206311000,200.172000,0.000000,819.550000,0.140643,0.220000,0,0
2047,Polomolok,1206312000,677.076000,0.000000,2452.750000,0.321174,0.492000,86,0
2047,Santo Niño,1206318000,148.812000,0.000000,610.825000,0.180833,0.304000,0,0
2047,Surallah,1206313000,471.208000,0.000000,1731.050000,0.187784,0.316000,42,0
2047,T'Boli,1206316000,369.424000,0.000000,1501.400000,0.277693,0.400000,0,0
2047,Tampakan,1206314000,202.620000,0.000000,825.800000,0.182238,0.328000,0,0
2047,Tantangan,1206315000,51.584000,0.000000,325.275000,0.079641,0.212000,0,0
2047,Tupi,1206317000,219.168000,0.000000,900.650000,0.037044,0.168000,0,0
2048,Banga,1206302000,359.524000,0.000000,1443.750000,0.211803,0.356000,0,0
2048,City of Koronadal,1206306000,105.492000,0.000000,656.025000,0.063123,0.172000,0,0
2048,Lake Sebu,1206319000,257.028000,0.000000,1079.325000,0.265807,0.380000,0,0
2048,Norala,1206311000,197.140000,0.000000,812.025000,0.136310,0.224000,0,0
2048,Polomolok,1206312000,673.144000,0.000000,2453.825000,0.317754,0.476000,101,0
2048,Santo Niño,1206318000,150.252000,0.000000,627.575000,0.184233,0.312000,0,0
2048,Surallah,1206313000,466.044000,0.000000,1718.825000,0.185922,0.312000,43,0
2048,T'Boli,1206316000,363.572000,0.000000,1498.175000,0.269560,0.376000,0,0
2048,Tampakan,1206314000,204.720000,0.000000,842.475000,0.187119,0.332000,0,0
2048,Tantangan,1206315000,50.888000,0.000000,317.300000,0.078513,0.224000,0,0
2048,Tupi,1206317000,215.424000,0.000000,892.475000,0.036511,0.176000,0,0
2049,Banga,1206302000,361.352000,0.000000,1464.950000,0.212470,0.372000,0,0
2049,City of Koronadal,1206306000,104.384000,0.000000,655.150000,0.062765,0.164000,0,0
2049,Lake Sebu,1206319000,256.056000,0.000000,1073.450000,0.264737,0.396000,0,0
2049,Norala,1206311000,199.080000,0.000000,824.925000,0.142667,0.216000,0,0
2049,Polomolok,1206312000,662.388000,0.000000,2445.075000,0.311536,0.448000,89,0
2049,Santo Niño,1206318000,150.096000,0.000000,625.150000,0.186000,0.316000,0,0
2049,Surallah,1206313000,468.228000,0.000000,1751.600000,0.188784,0.300000,66,0
2049,T'Boli,1206316000,365.412000,0.000000,1516.300000,0.272293,0.384000,0,0
2049,Tampakan,1206314000,203.512000,0.000000,849.925000,0.185762,0.356000,0,0
2049,Tantangan,1206315000,50.888000,0.000000,317.725000,0.076359,0.184000,0,0
2049,Tupi,1206317000,216.560000,0.000000,909.000000,0.037444,0.196000,0,0
2050,Banga,1206302000,357.996000,0.000000,1481.950000,0.206924,0.328000,0,0
2050,City of Koronadal,1206306000,104.408000,0.000000,655.025000,0.062272,0.176000,0,0
2050,Lake Sebu,1206319000,252.272000,0.000000,1067.000000,0.259667,0.388000,0,0
2050,Norala,1206311000,194.576000,0.000000,834.225000,0.138381,0.208000,0,0
2050,Polomolok,1206312000,660.132000,0.000000,2461.500000,0.308464,0.452000,85,0
2050,Santo Niño,1206318000,152.040000,0.000000,631.950000,0.189567,0.320000,0,0
2050,Surallah,1206313000,468.580000,0.000000,1753.925000,0.187843,0.284000,61,0
2050,T'Boli,1206316000,364.076000,0.000000,1531.500000,0.270987,0.376000,0,0
2050,Tampakan,1206314000,204.492000,0.000000,866.675000,0.184762,0.300000,0,0
2050,Tantangan,1206315000,53.224000,0.000000,337.075000,0.082103,0.192000,0,0
2050,Tupi,1206317000,216.000000,0.000000,917.475000,0.038578,0.184000,0,0
