NODE_ID,PSGC,BARANGAY,MUNICIPALITY,MUNICIPALITY_CODE,PROVINCE,PROVINCE_CODE,AREA_KM2,CENTROID_LON,CENTROID_LAT,BOUNDARY_NAME_NORMALIZED,LOCALITY_NAME_NORMALIZED,CALIBRATION_STATUS,OUTBREAK_CASE_THRESHOLD,HISTORICAL_OR_PRIOR_MONTHLY_MEAN,HISTORICAL_OR_PRIOR_MONTHLY_STD,ANNUAL_GROWTH_RATE,NEIGHBOR_COUNT
0,1206302002,Benitez,Banga,1206302000,South Cotabato,1206300000,1.935616,124.78082880820168,6.413269173000032,BENITEZ,BANGA,CALIBRATED_SOUTH_COTABATO,3.0,1.2845558528911636,0.750294973703693,0.03,7
1,1206302003,Cabudian,Banga,1206302000,South Cotabato,1206300000,3.964544,124.73218900036602,6.4378989615000535,CABUDIAN,BANGA,CALIBRATED_SOUTH_COTABATO,3.0,1.1083061806688659,0.6475871420327922,0.03,4
2,1206302004,Cabuling,Banga,1206302000,South Cotabato,1206300000,6.233713,124.79217449677907,6.395037176000045,CABULING,BANGA,CALIBRATED_SOUTH_COTABATO,3.0,1.068916680628349,0.6240909248073306,0.03,5
3,1206302005,Cinco,Banga,1206302000,South Cotabato,1206300000,10.520174,124.77643399679212,6.380423355000061,CINCO,BANGA,CALIBRATED_SOUTH_COTABATO,3.0,1.3439251157478862,0.7844381089919966,0.03,6
4,1206302006,Derilon,Banga,1206302000,South Cotabato,1206300000,3.774655,124.8504060393465,6.319673985000038,DERILON,BANGA,CALIBRATED_SOUTH_COTABATO,2.0,0.8989400695654436,0.5246432196399337,0.03,4
5,1206302007,El Nonok,Banga,1206302000,South Cotabato,1206300000,22.937832,124.81101934675425,6.425562671000052,EL NONOK,BANGA,CALIBRATED_SOUTH_COTABATO,3.0,1.1428002139043447,0.6674445673947301,0.03,12
6,1206302008,Improgo Village,Banga,1206302000,South Cotabato,1206300000,0.184596,124.7796241662686,6.42709112600005,IMPROGO VILLAGE,BANGA,CALIBRATED_SOUTH_COTABATO,2.0,0.9649535904577085,0.5633209244255539,0.03,4
7,1206302009,Kusan,Banga,1206302000,South Cotabato,1206300000,13.004261,124.74041742909941,6.402493727649065,KUSAN,BANGA,CALIBRATED_SOUTH_COTABATO,2.0,0.8823565831512806,0.5151332040457633,0.03,6
8,1206302010,Lam-Apos,Banga,1206302000,South Cotabato,1206300000,4.701166,124.87499441423103,6.322505438836854,LAM APOS,BANGA,CALIBRATED_SOUTH_COTABATO,3.0,1.0606249374212675,0.6193370596229882,0.03,7
9,1206302011,Lamba,Banga,1206302000,South Cotabato,1206300000,20.270686,124.8313500810922,6.364337086500058,LAMBA,BANGA,CALIBRATED_SOUTH_COTABATO,3.0,1.3732449203424983,0.8016404095575316,0.03,10
10,1206302012,Lambingi,Banga,1206302000,South Cotabato,1206300000,8.298669,124.85996015709277,6.301734356000026,LAMBINGI,BANGA,CALIBRATED_SOUTH_COTABATO,3.0,1.1193618382783077,0.6539232038025483,0.03,8
11,1206302013,Lampari,Banga,1206302000,South Cotabato,1206300000,11.642332,124.88413799848684,6.301734356000026,LAMPARI,BANGA,CALIBRATED_SOUTH_COTABATO,2.0,1.0008844776883947,0.5839351115905524,0.03,5
12,1206302014,Liwanay,Banga,1206302000,South Cotabato,1206300000,7.058229,124.75982190504948,6.395372444983917,LIWANAY,BANGA,CALIBRATED_SOUTH_COTABATO,3.0,1.2074866743894566,0.7052771613051095,0.03,8
13,1206302015,Malaya,Banga,1206302000,South Cotabato,1206300000,27.710391,124.76429996498767,6.492140785798728,MALAYA,BANGA,CALIBRATED_SOUTH_COTABATO,3.0,1.2475419528824312,0.7286284796434006,0.03,11
14,1206302016,Punong Grande,Banga,1206302000,South Cotabato,1206300000,10.540254,124.74938291475698,6.440479704000069,PUNONG GRANDE,BANGA,CALIBRATED_SOUTH_COTABATO,3.0,1.4088396714499543,0.8222315602821653,0.03,7
15,1206302017,Rang-ay,Banga,1206302000,South Cotabato,1206300000,6.642569,124.80425150644884,6.407449995000036,RANG AY,BANGA,CALIBRATED_SOUTH_COTABATO,3.0,1.2911390735710018,0.753653743484838,0.03,6
16,1206302018,Reyes,Banga,1206302000,South Cotabato,1206300000,5.870636,124.7727507700929,6.437874778000064,REYES,BANGA,CALIBRATED_SOUTH_COTABATO,3.0,1.1009608032143317,0.6428219662912019,0.03,6
17,1206302019,Rizal,Banga,1206302000,South Cotabato,1206300000,13.746716,124.72391456863033,6.451455027045506,RIZAL,BANGA,CALIBRATED_SOUTH_COTABATO,3.0,1.447384360857431,0.8448497874598067,0.03,6
18,1206302020,Rizal Poblacion,Banga,1206302000,South Cotabato,1206300000,4.462407,124.76349490329426,6.421609400000051,RIZAL POBLACION,BANGA,CALIBRATED_SOUTH_COTABATO,3.0,1.5738622187190738,0.9186983654728624,0.03,6
19,1206302021,San Jose,Banga,1206302000,South Cotabato,1206300000,11.072087,124.80604621374673,6.372932298500047,SAN JOSE,BANGA,CALIBRATED_SOUTH_COTABATO,3.0,1.3416803495377512,0.7832212429952414,0.03,8
20,1206302022,San Vicente,Banga,1206302000,South Cotabato,1206300000,16.504595,124.79052855975198,6.460773258000045,SAN VICENTE,BANGA,CALIBRATED_SOUTH_COTABATO,3.0,1.3974628843940995,0.8157822950592102,0.03,6
21,1206302024,Yangco Poblacion,Banga,1206302000,South Cotabato,1206300000,0.167454,124.77812711422855,6.423605650000042,YANGCO POBLACION,BANGA,CALIBRATED_SOUTH_COTABATO,4.0,1.7208826613500685,1.0044920594100357,0.03,5
22,1206306001,Assumption,City of Koronadal,1206306000,South Cotabato,1206300000,8.534548,124.84405275543773,6.440209023500046,ASSUMPTION,KORONADAL,CALIBRATED_SOUTH_COTABATO,2.0,0.30543048747737783,0.552657658480707,0.015,5
23,1206306002,Avanceña,City of Koronadal,1206306000,South Cotabato,1206300000,7.364984,124.8745339153686,6.536357662500051,AVANCENA,KORONADAL,CALIBRATED_SOUTH_COTABATO,2.0,0.28373180867416736,0.5326648183183937,0.015,4
24,1206306003,Cacub,City of Koronadal,1206306000,South Cotabato,1206300000,27.518363,124.9598589665405,6.528076555181235,CACUB,KORONADAL,CALIBRATED_SOUTH_COTABATO,3.0,0.5484454278043822,0.7405710146936499,0.015,4
25,1206306004,Caloocan,City of Koronadal,1206306000,South Cotabato,1206300000,5.890201,124.83941244665493,6.523699026212702,CALOOCAN,KORONADAL,CALIBRATED_SOUTH_COTABATO,2.0,0.253738974448434,0.5037250980926342,0.015,6
26,1206306005,Carpenter Hill,City of Koronadal,1206306000,South Cotabato,1206300000,9.565621,124.87196062276308,6.4543075020000344,CARPENTER HILL,KORONADAL,CALIBRATED_SOUTH_COTABATO,2.0,0.3233543497996477,0.5686425501135557,0.015,6
27,1206306006,Concepcion,City of Koronadal,1206306000,South Cotabato,1206300000,8.26879,124.88883769449586,6.469399988000049,CONCEPCION,KORONADAL,CALIBRATED_SOUTH_COTABATO,2.0,0.3006374671542538,0.5483041739347365,0.015,6
28,1206306007,Esperanza,City of Koronadal,1206306000,South Cotabato,1206300000,3.314036,124.91284680731799,6.502219553500055,ESPERANZA,KORONADAL,CALIBRATED_SOUTH_COTABATO,2.0,0.1903271452387543,0.4362649942853017,0.015,5
29,1206306008,General Paulino Santos,City of Koronadal,1206306000,South Cotabato,1206300000,5.769442,124.85798332460908,6.5120629305000355,GENERAL PAULINO SANTOS,KORONADAL,CALIBRATED_SOUTH_COTABATO,2.0,0.25112446732359606,0.5011232057324786,0.015,5
30,1206306009,Mabini,City of Koronadal,1206306000,South Cotabato,1206300000,11.291225,124.94615712040752,6.54469645000006,MABINI,KORONADAL,CALIBRATED_SOUTH_COTABATO,2.0,0.3513117322175743,0.5927155575970435,0.015,5
31,1206306010,Magsaysay,City of Koronadal,1206306000,South Cotabato,1206300000,4.424019,124.91060800219645,6.46906625750006,MAGSAYSAY,KORONADAL,CALIBRATED_SOUTH_COTABATO,2.0,0.21990272667270636,0.46893787080241917,0.015,5
32,1206306011,Mambucal,City of Koronadal,1206306000,South Cotabato,1206300000,6.822037,124.82910249567362,6.46225029450005,MAMBUCAL,KORONADAL,CALIBRATED_SOUTH_COTABATO,2.0,0.27307324923426973,0.5225641101666567,0.015,6
33,1206306012,Morales,City of Koronadal,1206306000,South Cotabato,1206300000,3.372626,124.8278115696182,6.5135648970000375,MORALES,KORONADAL,CALIBRATED_SOUTH_COTABATO,2.0,0.19200220422655792,0.4381805612148466,0.015,6
34,1206306013,Namnama,City of Koronadal,1206306000,South Cotabato,1206300000,5.175287,124.86724474533261,6.519531677500055,NAMNAMA,KORONADAL,CALIBRATED_SOUTH_COTABATO,2.0,0.23784243482551967,0.48769092140977943,0.015,5
35,1206306014,New Pangasinan,City of Koronadal,1206306000,South Cotabato,1206300000,8.881179,124.8952030867558,6.492813538000064,NEW PANGASINAN,KORONADAL,CALIBRATED_SOUTH_COTABATO,2.0,0.3115712913827544,0.5581857140618652,0.015,6
36,1206306015,Paraiso,City of Koronadal,1206306000,South Cotabato,1206300000,15.079691,124.8139552991938,6.495467567500043,PARAISO,KORONADAL,CALIBRATED_SOUTH_COTABATO,2.0,0.40599281135806997,0.6371756518873505,0.015,9
37,1206306016,Zone I,City of Koronadal,1206306000,South Cotabato,1206300000,0.617796,124.84149696321816,6.504901535000043,ZONE I,KORONADAL,CALIBRATED_SOUTH_COTABATO,1.0,0.08217593774538881,0.31622776601683794,0.015,6
38,1206306017,Zone II,City of Koronadal,1206306000,South Cotabato,1206300000,0.799936,124.85013417865433,6.498130911500056,ZONE II,KORONADAL,CALIBRATED_SOUTH_COTABATO,1.0,0.09350821003926563,0.31622776601683794,0.015,5
39,1206306018,Zone III,City of Koronadal,1206306000,South Cotabato,1206300000,3.367463,124.85225338686988,6.487758680000041,ZONE III,KORONADAL,CALIBRATED_SOUTH_COTABATO,2.0,0.19185518421041076,0.4380127671774086,0.015,8
40,1206306019,Zone IV,City of Koronadal,1206306000,South Cotabato,1206300000,1.686344,124.83515447088206,6.496371866000061,ZONE IV,KORONADAL,CALIBRATED_SOUTH_COTABATO,1.0,0.13576730851982904,0.3684661565460647,0.015,6
41,1206306020,Rotonda,City of Koronadal,1206306000,South Cotabato,1206300000,5.919235,124.8926419717887,6.517665428500038,ROTONDA,KORONADAL,CALIBRATED_SOUTH_COTABATO,2.0,0.2543635712371266,0.5043446948636682,0.015,7
42,1206306021,San Isidro,City of Koronadal,1206306000,South Cotabato,1206300000,6.249062,124.85327397288498,6.463843453000065,SAN ISIDRO,KORONADAL,CALIBRATED_SOUTH_COTABATO,2.0,0.26135423356118515,0.5112281619406204,0.015,5
43,1206306022,San Jose,City of Koronadal,1206306000,South Cotabato,1206300000,24.333247,124.91150154823539,6.544988269000044,SAN JOSE,KORONADAL,CALIBRATED_SOUTH_COTABATO,2.0,0.515729714876895,0.7181432411969739,0.015,3
44,1206306023,San Roque,City of Koronadal,1206306000,South Cotabato,1206300000,9.766159,124.90714316309159,6.446295060587969,SAN ROQUE,KORONADAL,CALIBRATED_SOUTH_COTABATO,2.0,0.3267262423288578,0.5715997221210467,0.015,7
45,1206306024,Santa Cruz,City of Koronadal,1206306000,South Cotabato,1206300000,5.002499,124.83815683281144,6.48113191650006,SANTA CRUZ,KORONADAL,CALIBRATED_SOUTH_COTABATO,2.0,0.23383829077343293,0.4835682896690321,0.015,5
46,1206306025,Santo Niño,City of Koronadal,1206306000,South Cotabato,1206300000,5.628679,124.86708651976913,6.49358946250004,SANTO NINO,KORONADAL,CALIBRATED_SOUTH_COTABATO,2.0,0.24804207945016846,0.49803823091221466,0.015,7
47,1206306026,Sarabia,City of Koronadal,1206306000,South Cotabato,1206300000,61.982822,124.8569497107118,6.3909744190000595,SARABIA,KORONADAL,CALIBRATED_SOUTH_COTABATO,3.0,0.8231098432604457,0.9072540125347728,0.015,12
48,1206306027,Zulueta,City of Koronadal,1206306000,South Cotabato,1206300000,14.779543,124.93516513003448,6.486738547500039,ZULUETA,KORONADAL,CALIBRATED_SOUTH_COTABATO,2.0,0.40193203816801515,0.6339811023745228,0.015,6
49,1206319001,Bacdulong,Lake Sebu,1206319000,South Cotabato,1206300000,4.210522,124.69222125269386,6.234591445000035,BACDULONG,LAKE SEBU,CALIBRATED_SOUTH_COTABATO,2.0,0.715173433546811,0.5793643459318227,0.03,5
50,1206319002,Denlag,Lake Sebu,1206319000,South Cotabato,1206300000,17.887882,124.76544625891036,6.157351407964056,DENLAG,LAKE SEBU,CALIBRATED_SOUTH_COTABATO,2.0,0.8839840309604562,0.7123087857786737,0.03,5
51,1206319003,Halilan,Lake Sebu,1206319000,South Cotabato,1206300000,14.472454,124.77074268351838,6.215009889500038,HALILAN,LAKE SEBU,CALIBRATED_SOUTH_COTABATO,2.0,0.5801545609354267,0.4702455276159399,0.03,5
52,1206319004,Hanoon,Lake Sebu,1206319000,South Cotabato,1206300000,22.45034,124.7506761365529,6.276264621000052,HANOON,LAKE SEBU,CALIBRATED_SOUTH_COTABATO,2.0,0.6312569346508344,0.5105380792674847,0.03,11
53,1206319005,Klubi,Lake Sebu,1206319000,South Cotabato,1206300000,27.564375,124.72885395903859,6.157824407500043,KLUBI,LAKE SEBU,CALIBRATED_SOUTH_COTABATO,3.0,0.5489037496034792,0.7408803881892672,0.015,4
54,1206319006,Lake Lahit,Lake Sebu,1206319000,South Cotabato,1206300000,8.18958,124.71542758270658,6.251142077500048,LAKE LAHIT,LAKE SEBU,CALIBRATED_SOUTH_COTABATO,2.0,0.6414357384360113,0.5189270281405568,0.03,7
55,1206319007,Lamcade,Lake Sebu,1206319000,South Cotabato,1206300000,12.279493,124.76900833516353,6.194660132500047,LAMCADE,LAKE SEBU,CALIBRATED_SOUTH_COTABATO,2.0,0.6645043349137654,0.5362414689093038,0.03,5
56,1206319008,Lamdalag,Lake Sebu,1206319000,South Cotabato,1206300000,13.869265,124.73003941289613,6.199409481500054,LAMDALAG,LAKE SEBU,CALIBRATED_SOUTH_COTABATO,2.0,0.8636963801166861,0.6942577167672432,0.03,6
57,1206319009,Lamfugon,Lake Sebu,1206319000,South Cotabato,1206300000,29.267991,124.65757049208645,6.273830734500024,LAMFUGON,LAKE SEBU,CALIBRATED_SOUTH_COTABATO,2.0,0.6800379279750735,0.5447925122010784,0.03,5
58,1206319010,Lamlahak,Lake Sebu,1206319000,South Cotabato,1206300000,31.837255,124.68882854359798,6.172578230000056,LAMLAHAK,LAKE SEBU,CALIBRATED_SOUTH_COTABATO,2.0,0.5913024874202115,0.48017820004808737,0.03,6
59,1206319011,Lower Maculan,Lake Sebu,1206319000,South Cotabato,1206300000,8.633206,124.78243703927888,6.268123379748882,LOWER MACULAN,LAKE SEBU,CALIBRATED_SOUTH_COTABATO,2.0,0.6938809321169503,0.5615813050925517,0.03,5
60,1206319012,Luhib,Lake Sebu,1206319000,South Cotabato,1206300000,13.599964,124.68853526963173,6.275157828500029,LUHIB,LAKE SEBU,CALIBRATED_SOUTH_COTABATO,2.0,0.5624820981007738,0.4562146199380364,0.03,7
61,1206319013,Ned,Lake Sebu,1206319000,South Cotabato,1206300000,490.34398,124.52212467716612,6.273830734500024,NED,LAKE SEBU,CALIBRATED_SOUTH_COTABATO,4.0,1.6693376148618422,1.2897113508349656,0.03,3
62,1206319014,Poblacion,Lake Sebu,1206319000,South Cotabato,1206300000,9.129769,124.71350631241151,6.232897966000052,POBLACION,LAKE SEBU,CALIBRATED_SOUTH_COTABATO,2.0,0.7893376441595549,0.6049522870024135,0.03,6
63,1206319015,Siluton,Lake Sebu,1206319000,South Cotabato,1206300000,6.960312,124.73374386741924,6.237954045000038,SILUTON,LAKE SEBU,CALIBRATED_SOUTH_COTABATO,2.0,0.819458520722932,0.6594114663038969,0.03,5
64,1206319016,Talisay,Lake Sebu,1206319000,South Cotabato,1206300000,8.266147,124.71299450767532,6.272003992500032,TALISAY,LAKE SEBU,CALIBRATED_SOUTH_COTABATO,2.0,0.7439754613029625,0.6049257545519697,0.03,5
65,1206319017,Takunel,Lake Sebu,1206319000,South Cotabato,1206300000,60.102862,124.64916430276865,6.179912632500048,TAKUNEL,LAKE SEBU,CALIBRATED_SOUTH_COTABATO,2.0,0.5912321829069304,0.479189249090644,0.03,5
66,1206319018,Upper Maculan,Lake Sebu,1206319000,South Cotabato,1206300000,13.308774,124.7676593663489,6.239484817500026,UPPER MACULAN,LAKE SEBU,CALIBRATED_SOUTH_COTABATO,2.0,0.785244584362748,0.6378539047749676,0.03,6
67,1206319019,Tasiman,Lake Sebu,1206319000,South Cotabato,1206300000,72.297707,124.60046787204217,6.178446210500028,TASIMAN,LAKE SEBU,CALIBRATED_SOUTH_COTABATO,2.0,0.723521698259659,0.5879208241140381,0.03,5
68,1206311002,Dumaguil,Norala,1206311000,South Cotabato,1206300000,5.586185,124.67511821387191,6.56007941550007,DUMAGUIL,NORALA,CALIBRATED_SOUTH_COTABATO,3.0,1.0929012033553192,0.9260036821901008,0.013515972871438737,3
69,1206311003,Esperanza,Norala,1206311000,South Cotabato,1206300000,4.674195,124.66978227133302,6.491279749000029,ESPERANZA,NORALA,CALIBRATED_SOUTH_COTABATO,3.0,1.232674908580145,1.0445989325839338,0.013289851608078702,5
70,1206311006,Kibid,Norala,1206311000,South Cotabato,1206300000,4.778043,124.67602548421425,6.541597791500038,KIBID,NORALA,CALIBRATED_SOUTH_COTABATO,3.0,1.0298039442492473,0.8725625520159783,0.013465668874003514,5
71,1206311007,Lapuz,Norala,1206311000,South Cotabato,1206300000,5.341403,124.62454546066394,6.520398830022367,LAPUZ,NORALA,CALIBRATED_SOUTH_COTABATO,3.0,1.1408602191079886,0.9666564285145854,0.01348668199296693,4
72,1206311008,Liberty,Norala,1206311000,South Cotabato,1206300000,4.044756,124.6245374325652,6.534775166000031,LIBERTY,NORALA,CALIBRATED_SOUTH_COTABATO,3.0,0.9955198735242384,0.8430878067148512,0.013972074210332601,4
73,1206311009,Lopez Jaena,Norala,1206311000,South Cotabato,1206300000,8.575639,124.68959635148782,6.49268080850004,LOPEZ JAENA,NORALA,CALIBRATED_SOUTH_COTABATO,3.0,1.2271079782615297,1.0398587092442837,0.013323656388211952,5
74,1206311011,Matapol,Norala,1206311000,South Cotabato,1206300000,4.62003,124.6316382735055,6.56849807000006,MATAPOL,NORALA,CALIBRATED_SOUTH_COTABATO,3.0,1.2612214144497804,1.0687845498944282,0.013294189758611977,3
75,1206311013,Poblacion,Norala,1206311000,South Cotabato,1206300000,19.379979,124.66668150414304,6.518006708000058,POBLACION,NORALA,CALIBRATED_SOUTH_COTABATO,4.0,1.7172663304301683,1.4553804439586506,0.012972315259161642,9
76,1206311014,Puti,Norala,1206311000,South Cotabato,1206300000,18.059075,124.71946408960497,6.528068443000052,PUTI,NORALA,CALIBRATED_SOUTH_COTABATO,3.0,1.0526341939171164,0.891850367368204,0.013603001632565217,10
77,1206311016,San Jose,Norala,1206311000,South Cotabato,1206300000,8.761454,124.63058463795858,6.555783496000031,SAN JOSE,NORALA,CALIBRATED_SOUTH_COTABATO,3.0,1.2041147602573323,1.0203426204021062,0.013374222963856685,4
78,1206311017,San Miguel,Norala,1206311000,South Cotabato,1206300000,13.301477,124.71751415185115,6.494771249298726,SAN MIGUEL,NORALA,CALIBRATED_SOUTH_COTABATO,4.0,1.3332946061334103,1.1298040347058127,0.013321115116405739,5
79,1206311020,Simsiman,Norala,1206311000,South Cotabato,1206300000,7.291027,124.6561082727794,6.55782712900006,SIMSIMAN,NORALA,CALIBRATED_SOUTH_COTABATO,3.0,1.1740773498018593,0.9948617451919877,0.013415078243302108,5
80,1206311021,Tinago,Norala,1206311000,South Cotabato,1206300000,18.986089,124.70569190734453,6.5590758094999915,TINAGO,NORALA,CALIBRATED_SOUTH_COTABATO,3.0,0.9430311519854233,0.7987969567201595,0.013830060551956524,7
81,1206311022,"Benigno Aquino, Jr.",Norala,1206311000,South Cotabato,1206300000,2.955117,124.68794242512868,6.532469239500046,BENIGNO AQUINO JR,NORALA,CALIBRATED_SOUTH_COTABATO,3.0,1.151047621501998,0.975393058902949,0.01334090121980872,4
82,1206312001,Bentung,Polomolok,1206312000,South Cotabato,1206300000,5.115479,125.00689990291576,6.242678484000037,BENTUNG,POLOMOLOK,CALIBRATED_SOUTH_COTABATO,2.0,1.068818119478773,0.5100548968286138,0.03,6
83,1206312002,Crossing Palkan,Polomolok,1206312000,South Cotabato,1206300000,10.992029,125.0080711309667,6.269940981500042,CROSSING PALKAN,POLOMOLOK,CALIBRATED_SOUTH_COTABATO,3.0,1.5661804288468035,0.7499670639633201,0.03,8
84,1206312003,Glamang,Polomolok,1206312000,South Cotabato,1206300000,16.004755,125.08222204399543,6.165571528000071,GLAMANG,POLOMOLOK,CALIBRATED_SOUTH_COTABATO,4.0,2.040616382298006,0.9690341124749766,0.03,5
85,1206312004,Kinilis,Polomolok,1206312000,South Cotabato,1206300000,29.344488,125.07901121794933,6.33461526800005,KINILIS,POLOMOLOK,CALIBRATED_SOUTH_COTABATO,3.0,1.4407814936993575,0.6950672021721108,0.03,8
86,1206312005,Klinan 6,Polomolok,1206312000,South Cotabato,1206300000,8.749413,125.12580876043376,6.198800014500051,KLINAN 6,POLOMOLOK,CALIBRATED_SOUTH_COTABATO,3.0,1.4537342798613229,0.696822863073395,0.03,3
87,1206312006,Koronadal Proper,Polomolok,1206312000,South Cotabato,1206300000,5.494422,124.99337862656444,6.2490907210000435,KORONADAL PROPER,POLOMOLOK,CALIBRATED_SOUTH_COTABATO,3.0,1.3156516454716554,0.6310649682242248,0.03,5
88,1206312007,Lam-Caliaf,Polomolok,1206312000,South Cotabato,1206300000,12.841821,125.05347106377923,6.280605932000041,LAM CALIAF,POLOMOLOK,CALIBRATED_SOUTH_COTABATO,3.0,1.5869492664105347,0.7629202604202943,0.03,8
89,1206312008,Landan,Polomolok,1206312000,South Cotabato,1206300000,38.749139,125.1470401157179,6.331612514500051,LANDAN,POLOMOLOK,CALIBRATED_SOUTH_COTABATO,3.0,1.5082247411507501,0.7245109130165448,0.03,5
90,1206312009,Lumakil,Polomolok,1206312000,South Cotabato,1206300000,6.836199,125.02697935205126,6.210316675518513,LUMAKIL,POLOMOLOK,CALIBRATED_SOUTH_COTABATO,3.0,1.284391800018561,0.6111332400089438,0.03,7
91,1206312011,Maligo,Polomolok,1206312000,South Cotabato,1206300000,26.528565,125.13245775252197,6.3009904590000465,MALIGO,POLOMOLOK,CALIBRATED_SOUTH_COTABATO,2.0,1.1278213656145029,0.5366769267610013,0.03,7
92,1206312013,Palkan,Polomolok,1206312000,South Cotabato,1206300000,23.601601,125.05484215457221,6.325544006500052,PALKAN,POLOMOLOK,CALIBRATED_SOUTH_COTABATO,4.0,2.0419815323915977,0.9767424952004161,0.03,9
93,1206312014,Poblacion,Polomolok,1206312000,South Cotabato,1206300000,12.387742,125.06723420011787,6.23643307200004,POBLACION,POLOMOLOK,CALIBRATED_SOUTH_COTABATO,11.0,5.968199248575469,2.8563632020960834,0.03,6
94,1206312015,Polo,Polomolok,1206312000,South Cotabato,1206300000,20.802901,125.10415392335875,6.275712907000042,POLO,POLOMOLOK,CALIBRATED_SOUTH_COTABATO,3.0,1.2144810511552877,0.5850826976360722,0.03,5
95,1206312016,Magsaysay,Polomolok,1206312000,South Cotabato,1206300000,8.837021,125.05998485791054,6.199267627500035,MAGSAYSAY,POLOMOLOK,CALIBRATED_SOUTH_COTABATO,3.0,1.7074356470952001,0.8211810990806605,0.03,5
96,1206312017,Rubber,Polomolok,1206312000,South Cotabato,1206300000,6.815191,125.03989216724392,6.2004911591494345,RUBBER,POLOMOLOK,CALIBRATED_SOUTH_COTABATO,4.0,2.1341086774071223,1.0188833525185217,0.03,4
97,1206312018,Silway 7,Polomolok,1206312000,South Cotabato,1206300000,10.699443,125.10914958144454,6.184673358000024,SILWAY 7,POLOMOLOK,CALIBRATED_SOUTH_COTABATO,3.0,1.4982454719343672,0.720435113986225,0.03,4
98,1206312019,Silway 8,Polomolok,1206312000,South Cotabato,1206300000,16.555372,125.08587640015028,6.192569657500029,SILWAY 8,POLOMOLOK,CALIBRATED_SOUTH_COTABATO,3.0,1.3845380509233705,0.6664665370933113,0.03,7
99,1206312020,Sulit,Polomolok,1206312000,South Cotabato,1206300000,10.689607,125.02660430015193,6.242678484000037,SULIT,POLOMOLOK,CALIBRATED_SOUTH_COTABATO,3.0,1.2513230643741586,0.6003635519371251,0.03,7
100,1206312021,Sumbakil,Polomolok,1206312000,South Cotabato,1206300000,1.14788,124.98322326372995,6.254848083500065,SUMBAKIL,POLOMOLOK,CALIBRATED_SOUTH_COTABATO,2.0,0.9132768833141515,0.43924794878679513,0.03,3
101,1206312022,Upper Klinan,Polomolok,1206312000,South Cotabato,1206300000,15.751406,125.11745094260203,6.235193491500041,UPPER KLINAN,POLOMOLOK,CALIBRATED_SOUTH_COTABATO,3.0,1.7365811262275619,0.8344497384691615,0.03,6
102,1206312023,Lapu,Polomolok,1206312000,South Cotabato,1206300000,3.066681,125.01624234650765,6.2232699960000275,LAPU,POLOMOLOK,CALIBRATED_SOUTH_COTABATO,2.0,0.9751062058964565,0.4650997928774204,0.03,5
103,1206312024,Cannery Site,Polomolok,1206312000,South Cotabato,1206300000,13.125117,125.0916523998853,6.235193491500041,CANNERY SITE,POLOMOLOK,CALIBRATED_SOUTH_COTABATO,8.0,4.560865543646,2.175828417112202,0.03,6
104,1206312025,Pagalungan,Polomolok,1206312000,South Cotabato,1206300000,6.718778,125.04653034476098,6.23687902900005,PAGALUNGAN,POLOMOLOK,CALIBRATED_SOUTH_COTABATO,4.0,1.8804101964312143,0.9043805294142602,0.03,4
105,1206318001,Ambalgan,Santo Niño,1206318000,South Cotabato,1206300000,3.05488,124.69658325182304,6.414011869000036,AMBALGAN,SANTO NINO,CALIBRATED_SOUTH_COTABATO,2.0,0.9634107725460205,0.6721694698618991,0.009232156708198113,3
106,1206318002,Guinsang-an,Santo Niño,1206318000,South Cotabato,1206300000,8.620002,124.66988126797386,6.4745126660000665,GUINSANG AN,SANTO NINO,CALIBRATED_SOUTH_COTABATO,3.0,1.030414883264097,0.71913517986128,0.009629171608354494,5
107,1206318003,Katipunan,Santo Niño,1206318000,South Cotabato,1206300000,9.757822,124.70102835506674,6.468153923209837,KATIPUNAN,SANTO NINO,CALIBRATED_SOUTH_COTABATO,3.0,1.3071722404615456,0.9123205035662223,0.009164160475586366,8
108,1206318004,Manuel Roxas,Santo Niño,1206318000,South Cotabato,1206300000,15.226435,124.64456949104792,6.450702887500057,MANUEL ROXAS,SANTO NINO,CALIBRATED_SOUTH_COTABATO,3.0,1.2001612633096752,0.8376631834079042,0.009471602489892579,5
109,1206318005,Panay,Santo Niño,1206318000,South Cotabato,1206300000,3.136951,124.63013488111947,6.4847839675000465,PANAY,SANTO NINO,CALIBRATED_SOUTH_COTABATO,3.0,1.400305951813363,0.9772977260846085,0.008795639669314691,3
110,1206318006,Poblacion,Santo Niño,1206318000,South Cotabato,1206300000,5.310346,124.67562148186019,6.429067834000051,POBLACION,SANTO NINO,CALIBRATED_SOUTH_COTABATO,4.0,1.6473365476274031,1.149528823166337,0.008131564697666216,4
111,1206318007,San Isidro,Santo Niño,1206318000,South Cotabato,1206300000,7.042889,124.68296943904242,6.450102577000052,SAN ISIDRO,SANTO NINO,CALIBRATED_SOUTH_COTABATO,3.0,1.1635871422441577,0.8120122730574828,0.009368718466643703,6
112,1206318008,San Vicente,Santo Niño,1206318000,South Cotabato,1206300000,5.972796,124.64061962418569,6.491717910500027,SAN VICENTE,SANTO NINO,CALIBRATED_SOUTH_COTABATO,3.0,1.2153344400437753,0.8483434510680222,0.00960444783737935,6
113,1206318009,Teresita,Santo Niño,1206318000,South Cotabato,1206300000,7.994344,124.70536906185639,6.43583030392368,TERESITA,SANTO NINO,CALIBRATED_SOUTH_COTABATO,3.0,1.2892381279222584,0.8999086000298275,0.009435261648941748,8
114,1206318010,Sajaneba,Santo Niño,1206318000,South Cotabato,1206300000,2.772118,124.69083341863941,6.434034809000024,SAJANEBA,SANTO NINO,CALIBRATED_SOUTH_COTABATO,2.0,0.8316497418788159,0.580467991014667,0.010669825492402042,4
115,1206313002,Buenavista,Surallah,1206313000,South Cotabato,1206300000,6.561237,124.74483930475577,6.310332640000041,BUENAVISTA,SURALLAH,CALIBRATED_SOUTH_COTABATO,4.0,1.6915444190260303,1.0102564247000372,0.03,5
116,1206313003,Centrala,Surallah,1206313000,South Cotabato,1206300000,21.567265,124.75311216794933,6.338211265000041,CENTRALA,SURALLAH,CALIBRATED_SOUTH_COTABATO,6.0,2.5056633690004295,1.496546159659106,0.03,8
117,1206313004,Colongulo,Surallah,1206313000,South Cotabato,1206300000,27.102174,124.71026343525938,6.3181970750000565,COLONGULO,SURALLAH,CALIBRATED_SOUTH_COTABATO,5.0,2.139243623657875,1.2775904965141032,0.03,10
118,1206313005,Dajay,Surallah,1206313000,South Cotabato,1206300000,21.586259,124.71894037255822,6.382244871500035,DAJAY,SURALLAH,CALIBRATED_SOUTH_COTABATO,4.0,1.8024741317944217,1.0770122876245116,0.03,9
119,1206313006,Duengas,Surallah,1206313000,South Cotabato,1206300000,1.443237,124.69675315222877,6.3637780295000255,DUENGAS,SURALLAH,CALIBRATED_SOUTH_COTABATO,4.0,1.986444844843152,1.1867378961613255,0.03,3
120,1206313008,Canahay,Surallah,1206313000,South Cotabato,1206300000,3.778749,124.73461252956994,6.301596148000044,CANAHAY,SURALLAH,CALIBRATED_SOUTH_COTABATO,5.0,2.0303170042040413,1.2126084903648755,0.03,4
121,1206313014,Lambontong,Surallah,1206313000,South Cotabato,1206300000,10.874852,124.8158691040571,6.314209315000056,LAMBONTONG,SURALLAH,CALIBRATED_SOUTH_COTABATO,4.0,1.5619784514497503,0.9328890301537898,0.03,5
122,1206313017,Lamian,Surallah,1206313000,South Cotabato,1206300000,13.558491,124.8367581282696,6.314209315000056,LAMIAN,SURALLAH,CALIBRATED_SOUTH_COTABATO,4.0,1.6425115119651703,0.9815045983261079,0.03,8
123,1206313018,Lamsugod,Surallah,1206313000,South Cotabato,1206300000,9.865982,124.7992616735456,6.306697442000058,LAMSUGOD,SURALLAH,CALIBRATED_SOUTH_COTABATO,5.0,2.1186996656591157,1.2654556283831604,0.03,6
124,1206313019,Libertad,Surallah,1206313000,South Cotabato,1206300000,2.107609,124.74309864874566,6.381316786000042,LIBERTAD,SURALLAH,CALIBRATED_SOUTH_COTABATO,6.0,2.8090975150263797,1.677568443616577,0.03,4
125,1206313020,Little Baguio,Surallah,1206313000,South Cotabato,1206300000,6.472463,124.71909004716156,6.302630782500046,LITTLE BAGUIO,SURALLAH,CALIBRATED_SOUTH_COTABATO,5.0,2.4181521263411927,1.4441540132836352,0.03,5
126,1206313023,Moloy,Surallah,1206313000,South Cotabato,1206300000,21.42463,124.69247676333387,6.347338254500045,MOLOY,SURALLAH,CALIBRATED_SOUTH_COTABATO,5.0,2.33311430641347,1.3935280426456127,0.03,5
127,1206313024,Naci,Surallah,1206313000,South Cotabato,1206300000,14.863381,124.78773557155921,6.339972251500058,NACI,SURALLAH,CALIBRATED_SOUTH_COTABATO,4.0,1.9415604322753042,1.1594857277622042,0.03,7
128,1206313028,Talahik,Surallah,1206313000,South Cotabato,1206300000,22.622351,124.67511174324935,6.366736866000024,TALAHIK,SURALLAH,CALIBRATED_SOUTH_COTABATO,4.0,1.8896942413887057,1.1285961769810153,0.03,4
129,1206313030,Tubiala,Surallah,1206313000,South Cotabato,1206300000,11.019739,124.7734825934979,6.30343868050005,TUBIALA,SURALLAH,CALIBRATED_SOUTH_COTABATO,4.0,1.8372147396123009,1.0975696650013749,0.03,5
130,1206313031,Upper Sepaka,Surallah,1206313000,South Cotabato,1206300000,52.734247,124.62357772957796,6.347943521500071,UPPER SEPAKA,SURALLAH,CALIBRATED_SOUTH_COTABATO,4.0,1.786865595308651,1.0673788302125533,0.03,5
131,1206313032,Veterans,Surallah,1206313000,South Cotabato,1206300000,3.858251,124.80499907014088,6.273663099638324,VETERANS,SURALLAH,CALIBRATED_SOUTH_COTABATO,5.0,2.2623684664784545,1.3512619574232445,0.03,4
132,1206316001,Basag,T'Boli,1206316000,South Cotabato,1206300000,77.026454,124.99263914610003,6.166671911481691,BASAG,TBOLI,CALIBRATED_SOUTH_COTABATO,2.0,0.8365403698225861,0.5455973002119804,0.03,8
133,1206316002,Edwards,T'Boli,1206316000,South Cotabato,1206300000,10.246856,124.8067300523108,6.238671752808356,EDWARDS,TBOLI,CALIBRATED_SOUTH_COTABATO,3.0,1.4882101327763158,0.9700075429296966,0.03,6
134,1206316004,Kematu,T'Boli,1206316000,South Cotabato,1206300000,37.518106,124.87394775906625,6.2000168700000415,KEMATU,TBOLI,CALIBRATED_SOUTH_COTABATO,2.0,0.951593164477129,0.620306585406391,0.03,10
135,1206316005,Laconon,T'Boli,1206316000,South Cotabato,1206300000,135.019015,124.71688429675584,6.110002665500046,LACONON,TBOLI,CALIBRATED_SOUTH_COTABATO,2.0,0.756131533527096,0.4933582455976796,0.03,7
136,1206316008,Lamsalome,T'Boli,1206316000,South Cotabato,1206300000,7.204375,124.9085760726554,6.26820018950005,LAMSALOME,TBOLI,CALIBRATED_SOUTH_COTABATO,2.0,0.9100642530544819,0.593309475370584,0.03,6
137,1206316011,New Dumangas,T'Boli,1206316000,South Cotabato,1206300000,21.223659,124.79937403854305,6.205190859000055,NEW DUMANGAS,TBOLI,CALIBRATED_SOUTH_COTABATO,2.0,0.8096021901462537,0.5280365769255015,0.03,10
138,1206316012,Sinolon,T'Boli,1206316000,South Cotabato,1206300000,14.880574,124.82916398299935,6.273028572638335,SINOLON,TBOLI,CALIBRATED_SOUTH_COTABATO,2.0,0.9418135453057808,0.6141083778813601,0.03,8
139,1206316014,Lambangan,T'Boli,1206316000,South Cotabato,1206300000,17.666618,124.92793890007005,6.249985904702037,LAMBANGAN,TBOLI,CALIBRATED_SOUTH_COTABATO,3.0,1.036314558707183,0.6754706133331688,0.03,7
140,1206316016,Maan,T'Boli,1206316000,South Cotabato,1206300000,81.679421,124.95556242815888,6.055127617500062,MAAN,TBOLI,CALIBRATED_SOUTH_COTABATO,2.0,0.9089603159315541,0.5927256343925164,0.03,4
141,1206316017,Afus,T'Boli,1206316000,South Cotabato,1206300000,14.794357,124.84464281244547,6.165688246000059,AFUS,TBOLI,CALIBRATED_SOUTH_COTABATO,2.0,0.6918012600400059,0.45131236396143626,0.03,5
142,1206316018,Lambuling,T'Boli,1206316000,South Cotabato,1206300000,17.498654,124.89326815101057,6.239898254500046,LAMBULING,TBOLI,CALIBRATED_SOUTH_COTABATO,2.0,0.8675798423733357,0.5656742298067015,0.03,5
143,1206316019,Lamhako,T'Boli,1206316000,South Cotabato,1206300000,14.40159,124.86608822608905,6.24707075850003,LAMHAKO,TBOLI,CALIBRATED_SOUTH_COTABATO,2.0,0.7277850693681482,0.4748143330696446,0.03,5
144,1206316020,Poblacion,T'Boli,1206316000,South Cotabato,1206300000,7.947192,124.81765836217645,6.2098733520000735,POBLACION,TBOLI,CALIBRATED_SOUTH_COTABATO,4.0,1.6548745047862752,1.0786532571932466,0.03,6
145,1206316021,Talcon,T'Boli,1206316000,South Cotabato,1206300000,10.580924,124.95817506450219,6.2208722250000505,TALCON,TBOLI,CALIBRATED_SOUTH_COTABATO,2.0,0.7408434325711677,0.48333948903055624,0.03,5
146,1206316022,Talufo,T'Boli,1206316000,South Cotabato,1206300000,11.036589,124.87985023280712,6.2712693340000385,TALUFO,TBOLI,CALIBRATED_SOUTH_COTABATO,2.0,0.636685999513823,0.41560311055854965,0.03,9
147,1206316023,Tudok,T'Boli,1206316000,South Cotabato,1206300000,107.075669,124.85029908286461,6.044561148500037,TUDOK,TBOLI,CALIBRATED_SOUTH_COTABATO,2.0,0.8263790845300293,0.5389350385831951,0.03,4
148,1206316024,Aflek,T'Boli,1206316000,South Cotabato,1206300000,32.73843,124.98917204054604,6.209018661000044,AFLEK,TBOLI,CALIBRATED_SOUTH_COTABATO,2.0,0.7512518933673809,0.48985453798877304,0.03,9
149,1206316025,Datal Bob,T'Boli,1206316000,South Cotabato,1206300000,17.683633,124.93639295344101,6.227600330000058,DATAL BOB,TBOLI,CALIBRATED_SOUTH_COTABATO,2.0,0.8480833200726009,0.5529809544092658,0.03,6
150,1206316026,Desawo,T'Boli,1206316000,South Cotabato,1206300000,8.805097,124.8529026288675,6.184392798000033,DESAWO,TBOLI,CALIBRATED_SOUTH_COTABATO,2.0,0.7794886990380712,0.5085290310633452,0.03,4
151,1206316027,Dlanag,T'Boli,1206316000,South Cotabato,1206300000,19.934629,124.82431677549536,6.0949508135000485,DLANAG,TBOLI,CALIBRATED_SOUTH_COTABATO,2.0,0.6782421808065178,0.44254339496178896,0.03,3
152,1206316028,Lemsnolon,T'Boli,1206316000,South Cotabato,1206300000,12.072991,124.83671284664024,6.241968963500057,LEMSNOLON,TBOLI,CALIBRATED_SOUTH_COTABATO,3.0,1.0150815831706121,0.6616074502709381,0.03,5
153,1206316029,Malugong,T'Boli,1206316000,South Cotabato,1206300000,11.569632,124.97374315877163,6.2201860560000455,MALUGONG,TBOLI,CALIBRATED_SOUTH_COTABATO,3.0,1.0743735014069395,0.7002123302556622,0.03,4
154,1206316030,Mongocayo,T'Boli,1206316000,South Cotabato,1206300000,33.892233,124.96266105289075,6.126539993000051,MONGOCAYO,TBOLI,CALIBRATED_SOUTH_COTABATO,2.0,0.8039472867633894,0.5243643452031195,0.03,3
155,1206316031,Salacafe,T'Boli,1206316000,South Cotabato,1206300000,45.288328,124.84758250037868,6.1124508690000425,SALACAFE,TBOLI,CALIBRATED_SOUTH_COTABATO,2.0,0.8862032734054855,0.5780622518790433,0.03,7
156,1206316032,T'bolok,T'Boli,1206316000,South Cotabato,1206300000,46.665488,124.88593179522744,6.122909801500042,T BOLOK,TBOLI,CALIBRATED_SOUTH_COTABATO,2.0,0.9892601161489476,0.644948490434649,0.03,8
157,1206314001,Albagan,Tampakan,1206314000,South Cotabato,1206300000,5.855436,125.03496402667764,6.43073625429879,ALBAGAN,TAMPAKAN,CALIBRATED_SOUTH_COTABATO,3.0,0.9599429482832113,0.8570825024761285,0.01644718548084448,3
158,1206314002,Kipalbig,Tampakan,1206314000,South Cotabato,1206300000,23.538701,124.94812948260477,6.414941702500043,KIPALBIG,TAMPAKAN,CALIBRATED_SOUTH_COTABATO,3.0,1.055186775097833,0.9482517824561983,0.01906117173045987,8
159,1206314003,Lambayong,Tampakan,1206314000,South Cotabato,1206300000,7.091786,124.97330003281476,6.434257786000046,LAMBAYONG,TAMPAKAN,CALIBRATED_SOUTH_COTABATO,2.0,0.780061366754653,0.7045826212853132,0.02190346540648706,4
160,1206314004,Liberty,Tampakan,1206314000,South Cotabato,1206300000,11.696063,124.98987846540079,6.458448209000068,LIBERTY,TAMPAKAN,CALIBRATED_SOUTH_COTABATO,3.0,1.0061374282114894,0.9042909732812271,0.0196902562592965,7
161,1206314005,Maltana,Tampakan,1206314000,South Cotabato,1206300000,7.089259,124.94816356937294,6.436073028000066,MALTANA,TAMPAKAN,CALIBRATED_SOUTH_COTABATO,3.0,1.1352631930695969,1.0196837922420647,0.01922215156462468,5
162,1206314006,Poblacion,Tampakan,1206314000,South Cotabato,1206300000,7.549005,124.93454357810874,6.44691529858798,POBLACION,TAMPAKAN,CALIBRATED_SOUTH_COTABATO,5.0,1.7794745291866205,1.594127284283492,0.0177381154925213,6
163,1206314007,Tablu,Tampakan,1206314000,South Cotabato,1206300000,66.963121,125.08288304768038,6.48579538550004,TABLU,TAMPAKAN,CALIBRATED_SOUTH_COTABATO,3.0,0.9711834489903551,0.8760418487782674,0.021342055873657697,6
164,1206314008,Buto,Tampakan,1206314000,South Cotabato,1206300000,21.198008,124.97431345050293,6.484770297500062,BUTO,TAMPAKAN,CALIBRATED_SOUTH_COTABATO,2.0,0.7945683517380642,0.7036183286860072,0.013227686025594397,9
165,1206314009,Lampitak,Tampakan,1206314000,South Cotabato,1206300000,20.871693,125.00677912072427,6.430691921000032,LAMPITAK,TAMPAKAN,CALIBRATED_SOUTH_COTABATO,3.0,0.8954361015812563,0.806635233049248,0.020598325144012,8
166,1206314010,Palo,Tampakan,1206314000,South Cotabato,1206300000,10.51849,124.99715026350407,6.505440708000065,PALO,TAMPAKAN,CALIBRATED_SOUTH_COTABATO,3.0,1.0431071240290004,0.9375470542779161,0.019693167740829146,3
167,1206314011,Pula-bato,Tampakan,1206314000,South Cotabato,1206300000,15.814787,125.02301187824943,6.474327095500057,PULA BATO,TAMPAKAN,CALIBRATED_SOUTH_COTABATO,2.0,0.8137937452911912,0.7355699211308566,0.022419362340194312,6
168,1206314012,Danlag,Tampakan,1206314000,South Cotabato,1206300000,43.261847,125.03989437636517,6.505440708000065,DANLAG,TAMPAKAN,CALIBRATED_SOUTH_COTABATO,3.0,1.1094731990349613,0.9932623595325644,0.017105016411506687,4
169,1206314013,San Isidro,Tampakan,1206314000,South Cotabato,1206300000,3.177488,124.95883708299525,6.453945501500043,SAN ISIDRO,TAMPAKAN,CALIBRATED_SOUTH_COTABATO,3.0,0.9257924335775888,0.8364496338526409,0.021999129972952666,4
170,1206314014,Santa Cruz,Tampakan,1206314000,South Cotabato,1206300000,5.262691,124.93374977617997,6.466271916000039,SANTA CRUZ,TAMPAKAN,CALIBRATED_SOUTH_COTABATO,2.0,0.848634910709734,0.7657194172634644,0.021643586719909003,5
171,1206315001,Bukay Pait,Tantangan,1206315000,South Cotabato,1206300000,15.422158,124.76316798206811,6.566799018000069,BUKAY PAIT,TANTANGAN,CALIBRATED_SOUTH_COTABATO,2.0,0.4105770753022568,0.6407628853969749,0.015,4
172,1206315002,Cabuling,Tantangan,1206315000,South Cotabato,1206300000,4.490623,124.80613562437951,6.558845382000044,CABULING,TANTANGAN,CALIBRATED_SOUTH_COTABATO,2.0,0.2215518704248177,0.47069296831885826,0.015,4
173,1206315003,Dumadalig,Tantangan,1206315000,South Cotabato,1206300000,18.404227,124.73625179200293,6.568494830740772,DUMADALIG,TANTANGAN,CALIBRATED_SOUTH_COTABATO,2.0,0.44851907033427485,0.6697156637964166,0.015,5
174,1206315004,Libas,Tantangan,1206315000,South Cotabato,1206300000,12.479148,124.77681530830802,6.518347410000047,LIBAS,TANTANGAN,CALIBRATED_SOUTH_COTABATO,2.0,0.36933000368071517,0.6077252699046792,0.015,6
175,1206315005,Magon,Tantangan,1206315000,South Cotabato,1206300000,1.759356,124.71197281745974,6.615137905000067,MAGON,TANTANGAN,CALIBRATED_SOUTH_COTABATO,1.0,0.13867525906750633,0.3723912714706218,0.015,3
176,1206315006,Maibo,Tantangan,1206315000,South Cotabato,1206300000,14.69158,124.7776027739693,6.55440878400006,MAIBO,TANTANGAN,CALIBRATED_SOUTH_COTABATO,2.0,0.4007341692430685,0.6330356777015561,0.015,8
177,1206315007,Mangilala,Tantangan,1206315000,South Cotabato,1206300000,4.000259,124.72207473053165,6.6342261895000245,MANGILALA,TANTANGAN,CALIBRATED_SOUTH_COTABATO,2.0,0.2091058477056202,0.45728092864848435,0.015,3
178,1206315008,New Iloilo,Tantangan,1206315000,South Cotabato,1206300000,8.835128,124.79405477795557,6.55328582900006,NEW ILOILO,TANTANGAN,CALIBRATED_SOUTH_COTABATO,2.0,0.31076245634093436,0.5574607217920688,0.015,4
179,1206315009,New Lambunao,Tantangan,1206315000,South Cotabato,1206300000,1.232147,124.82468415745089,6.537572340301034,NEW LAMBUNAO,TANTANGAN,CALIBRATED_SOUTH_COTABATO,1.0,0.11605220183414086,0.3406643536299929,0.015,3
180,1206315010,Poblacion,Tantangan,1206315000,South Cotabato,1206300000,23.455267,124.73908648623198,6.615137905000067,POBLACION,TANTANGAN,CALIBRATED_SOUTH_COTABATO,2.0,0.5063400885151117,0.7115757784769741,0.015,4
181,1206315011,San Felipe,Tantangan,1206315000,South Cotabato,1206300000,5.414336,124.81440385455332,6.527496480212696,SAN FELIPE,TANTANGAN,CALIBRATED_SOUTH_COTABATO,2.0,0.24327345574140308,0.49322759020699874,0.015,9
182,1206315012,New Cuyapo,Tantangan,1206315000,South Cotabato,1206300000,4.506375,124.74536118027362,6.647334674000034,NEW CUYAPO,TANTANGAN,CALIBRATED_SOUTH_COTABATO,2.0,0.22194010497538724,0.4711051952328559,0.015,3
183,1206315013,Tinongcop,Tantangan,1206315000,South Cotabato,1206300000,3.160498,124.78949397334625,6.50773310331205,TINONGCOP,TANTANGAN,CALIBRATED_SOUTH_COTABATO,2.0,0.1858659700182749,0.4311217577648742,0.015,4
184,1206317001,Acmonan,Tupi,1206317000,South Cotabato,1206300000,30.883102,125.00039448199857,6.346520715000052,ACMONAN,TUPI,CALIBRATED_SOUTH_COTABATO,6.0,2.388095922712985,1.8949238059529927,-0.03,5
185,1206317002,Bololmala,Tupi,1206317000,South Cotabato,1206300000,10.640643,124.93100727094193,6.386088445500064,BOLOLMALA,TUPI,CALIBRATED_SOUTH_COTABATO,5.0,2.045674593776882,1.5649723918409162,-0.03,5
186,1206317003,Bunao,Tupi,1206317000,South Cotabato,1206300000,16.950087,124.93732883799828,6.314357681000047,BUNAO,TUPI,CALIBRATED_SOUTH_COTABATO,6.0,2.7370347858621233,1.9191998289511638,-0.03,7
187,1206317004,Cebuano,Tupi,1206317000,South Cotabato,1206300000,28.277489,124.9613909577586,6.38001828350005,CEBUANO,TUPI,CALIBRATED_SOUTH_COTABATO,7.0,3.176020073873031,2.33688261643826,-0.03,7
188,1206317005,Crossing Rubber,Tupi,1206317000,South Cotabato,1206300000,9.231431,124.92605819787187,6.358861334500034,CROSSING RUBBER,TUPI,CALIBRATED_SOUTH_COTABATO,5.0,2.189931310209627,1.7111448766414514,-0.03,7
189,1206317006,Kablon,Tupi,1206317000,South Cotabato,1206300000,39.320907,125.0086797511844,6.321361375500032,KABLON,TUPI,CALIBRATED_SOUTH_COTABATO,7.0,3.0463383799749115,2.3007967470720154,-0.03,9
190,1206317007,Kalkam,Tupi,1206317000,South Cotabato,1206300000,9.456024,124.91765448140868,6.3264048350000355,KALKAM,TUPI,CALIBRATED_SOUTH_COTABATO,2.0,0.9136897774488936,0.6421495027919987,-0.03,3
191,1206317009,Linan,Tupi,1206317000,South Cotabato,1206300000,23.792428,125.00479923285116,6.3738848300000654,LINAN,TUPI,CALIBRATED_SOUTH_COTABATO,4.0,1.8040823393480676,1.3279363134012996,-0.03,4
192,1206317010,Lunen,Tupi,1206317000,South Cotabato,1206300000,19.04076,124.89687383351712,6.320675068500038,LUNEN,TUPI,CALIBRATED_SOUTH_COTABATO,4.0,1.7190440783389922,1.2818961391799184,-0.03,10
193,1206317011,Miasong,Tupi,1206317000,South Cotabato,1206300000,47.888052,125.06008683119947,6.404098535044561,MIASONG,TUPI,CALIBRATED_SOUTH_COTABATO,5.0,2.1866606987969095,1.7512192518556229,-0.03,11
194,1206317012,Palian,Tupi,1206317000,South Cotabato,1206300000,7.249768,124.9059463785147,6.378653125500051,PALIAN,TUPI,CALIBRATED_SOUTH_COTABATO,4.0,1.5952424419531883,1.1899296752818522,-0.03,5
195,1206317013,Poblacion,Tupi,1206317000,South Cotabato,1206300000,8.999941,124.9571288491938,6.33128405450006,POBLACION,TUPI,CALIBRATED_SOUTH_COTABATO,18.0,8.227516084804401,6.482574418161244,-0.03,7
196,1206317014,Polonuling,Tupi,1206317000,South Cotabato,1206300000,32.849969,124.9638159335203,6.275759617000034,POLONULING,TUPI,CALIBRATED_SOUTH_COTABATO,9.0,3.855582627489113,2.8343498172855663,-0.03,12
197,1206317015,Simbo,Tupi,1206317000,South Cotabato,1206300000,5.154809,124.96183563070915,6.250319325500073,SIMBO,TUPI,CALIBRATED_SOUTH_COTABATO,3.0,0.9638410968540919,0.7506110189081048,-0.03,4
198,1206317016,Tubeng,Tupi,1206317000,South Cotabato,1206300000,10.336148,124.87717636616313,6.34873740550006,TUBENG,TUPI,CALIBRATED_SOUTH_COTABATO,3.0,1.2831902330012241,0.9742914436617628,-0.03,4
