DATE,PROVINCE_POSTERIOR_MEAN_CASES,PROVINCE_LOWER_CREDIBLE_CASES,PROVINCE_UPPER_CREDIBLE_CASES,CALIBRATED_POSTERIOR_MEAN_CASES,LOW_ALERT_COUNT,MODERATE_ALERT_COUNT,HIGH_ALERT_COUNT,CRITICAL_ALERT_COUNT,AUTOMATIC_OUTBREAK_ALERT_COUNT,INDIVIDUAL_OUTBREAK_ALERT_COUNT,PROBABILISTIC_OUTBREAK_ALERT_COUNT,RED_CLUSTER_OUTBREAK_ALERT_COUNT,RED_CLUSTER_LIKELY_ORIGIN_COUNT,RED_CASE_ZONE_COUNT,CLUSTER_WATCH_COUNT,RED_CLUSTER_COUNT,NEW_RED_CLUSTER_COUNT,NEW_HIGH_RISK_ONSET_COUNT,NEW_AUTOMATIC_OUTBREAK_ONSET_COUNT,MORANS_I,MEAN_CREDIBLE_INTERVAL_WIDTH,BAYESIAN_UPDATE_COUNT
2026-01-01,239.304000,1.000000,806.800000,239.304000,177,22,0,0,17,0,0,17,3,20,2,3,3,0,17,0.606824,4.049246,0
2026-02-01,238.096000,1.000000,802.375000,238.096000,179,20,0,0,16,0,0,16,2,18,0,2,0,0,1,0.619807,4.027010,0
2026-03-01,240.068000,1.000000,809.150000,240.068000,174,25,0,0,7,0,0,7,2,14,2,2,0,0,1,0.606907,4.061055,0
2026-04-01,242.136000,2.000000,816.700000,242.136000,172,27,0,0,6,0,0,6,1,15,4,1,0,0,3,0.586400,4.093970,0
2026-05-01,241.872000,1.000000,807.825000,241.872000,176,23,0,0,16,0,0,16,3,20,0,3,2,0,10,0.628081,4.054397,0
2026-06-01,242.864000,2.000000,809.700000,242.864000,169,30,0,0,12,0,0,12,2,17,2,2,0,0,2,0.639927,4.058794,0
2026-07-01,245.988000,1.225000,830.250000,245.988000,171,28,0,0,6,0,0,6,1,14,4,1,0,0,0,0.626042,4.165955,0
2026-08-01,245.888000,2.000000,826.575000,245.888000,168,31,0,0,7,0,0,7,1,15,4,1,0,0,1,0.624676,4.143593,0
2026-09-01,245.944000,2.000000,822.925000,245.944000,169,30,0,0,17,0,0,17,2,20,2,2,1,0,11,0.633908,4.125251,0
2026-10-01,248.800000,1.225000,823.925000,248.800000,177,22,0,0,11,0,0,11,2,15,2,2,0,0,2,0.641521,4.134171,0
2026-11-01,249.392000,2.000000,830.375000,249.392000,169,30,0,0,9,0,0,9,2,15,4,2,0,0,0,0.638706,4.162688,0
2026-12-01,250.100000,1.000000,826.275000,250.100000,175,24,0,0,9,0,0,9,2,15,4,2,0,0,0,0.640053,4.147111,0
2027-01-01,245.040000,2.000000,828.925000,245.040000,169,30,0,0,9,0,0,9,1,16,2,1,0,0,6,0.633950,4.155402,0
2027-02-01,242.572000,1.000000,809.025000,242.572000,165,34,0,0,9,0,0,9,1,16,4,1,0,0,0,0.636125,4.060427,0
2027-03-01,244.656000,1.225000,822.600000,244.656000,166,33,0,0,17,0,0,17,2,20,2,2,1,0,8,0.612985,4.127513,0
2027-04-01,245.392000,1.000000,818.075000,245.392000,168,31,0,0,20,0,0,20,2,24,0,2,0,0,3,0.621420,4.105905,0
2027-05-01,246.984000,1.225000,827.050000,246.984000,168,31,0,0,11,0,0,11,2,16,4,2,0,0,0,0.610840,4.149874,0
2027-06-01,247.452000,1.000000,824.375000,247.452000,171,28,0,0,19,0,0,19,2,21,0,2,0,0,8,0.610828,4.137563,0
2027-07-01,248.844000,2.000000,835.600000,248.844000,173,26,0,0,18,0,0,18,2,19,0,2,0,0,2,0.629294,4.188945,0
2027-08-01,249.428000,1.000000,829.150000,249.428000,168,31,0,0,19,0,0,19,2,20,0,2,0,0,2,0.632527,4.161558,0
2027-09-01,249.568000,1.000000,832.925000,249.568000,172,27,0,0,10,0,0,10,2,14,2,2,0,0,0,0.643822,4.180528,0
2027-10-01,249.252000,2.000000,828.725000,249.252000,174,25,0,0,11,0,0,11,2,17,4,2,0,0,5,0.637124,4.154397,0
2027-11-01,252.504000,1.000000,849.575000,252.504000,167,32,0,0,12,0,0,12,2,16,2,2,0,0,3,0.626837,4.264196,0
2027-12-01,251.496000,2.000000,831.375000,251.496000,169,30,0,0,15,0,0,15,2,18,2,2,0,0,8,0.637293,4.167714,0
2028-01-01,249.532000,2.000000,835.700000,249.532000,162,37,0,0,16,0,0,16,2,18,0,2,0,0,4,0.623884,4.189447,0
2028-02-01,246.580000,1.000000,831.475000,246.580000,165,34,0,0,8,0,0,8,1,18,4,1,0,0,1,0.630556,4.173241,0
2028-03-01,247.900000,1.000000,826.025000,247.900000,158,41,0,0,17,0,0,17,2,20,0,2,1,0,9,0.630153,4.145854,0
2028-04-01,250.792000,1.000000,839.350000,250.792000,162,37,0,0,12,0,0,12,2,16,2,2,0,0,0,0.617695,4.212814,0
2028-05-01,249.500000,1.000000,836.600000,249.500000,164,35,0,0,16,0,0,16,2,20,2,2,0,0,4,0.639192,4.198995,0
2028-06-01,248.812000,2.000000,838.025000,248.812000,166,33,0,0,9,0,0,9,1,18,6,1,0,0,0,0.612911,4.201131,0
2028-07-01,250.068000,1.000000,841.575000,250.068000,160,39,0,0,15,0,0,15,2,18,2,2,1,0,6,0.622658,4.223995,0
2028-08-01,251.840000,1.000000,846.150000,251.840000,165,34,0,0,13,0,0,13,2,16,2,2,0,0,0,0.630628,4.246985,0
2028-09-01,253.108000,2.000000,843.575000,253.108000,162,37,0,0,20,0,0,20,2,21,0,2,0,0,7,0.643670,4.229020,0
2028-10-01,254.324000,1.000000,858.150000,254.324000,168,31,0,0,15,0,0,15,2,17,0,2,0,0,2,0.642745,4.307286,0
2028-11-01,254.108000,1.000000,851.150000,254.108000,165,34,0,0,22,0,0,22,2,23,0,2,0,0,8,0.668078,4.272111,0
2028-12-01,257.544000,2.000000,853.950000,257.544000,166,33,0,0,15,0,0,15,2,18,2,2,0,0,0,0.633800,4.281156,0
2029-01-01,250.172000,1.000000,846.700000,250.172000,161,38,0,0,16,0,0,16,2,18,0,2,0,0,1,0.642400,4.249749,0
2029-02-01,250.516000,1.000000,842.025000,250.516000,157,42,0,0,12,0,0,12,2,18,2,2,0,0,1,0.634871,4.226256,0
2029-03-01,250.380000,1.000000,850.475000,250.380000,167,32,0,0,14,0,0,14,2,18,0,2,0,0,3,0.611466,4.268719,0
2029-04-01,250.356000,2.000000,845.600000,250.356000,157,42,0,0,15,0,0,15,2,19,0,2,0,0,4,0.636023,4.239196,0
2029-05-01,251.492000,1.000000,854.700000,251.492000,158,41,0,0,14,0,0,14,2,18,2,2,0,0,4,0.644156,4.289950,0
2029-06-01,253.436000,1.225000,854.500000,253.436000,166,33,0,0,19,0,0,19,2,20,0,2,0,0,6,0.630436,4.287814,0
2029-07-01,253.468000,1.225000,850.150000,253.468000,159,40,0,0,13,0,0,13,3,19,2,3,0,0,2,0.627516,4.265955,0
2029-08-01,256.140000,1.000000,868.125000,256.140000,161,38,0,0,19,0,0,19,2,23,2,2,0,0,7,0.641074,4.357412,0
2029-09-01,256.680000,2.000000,861.500000,256.680000,163,36,0,0,16,0,0,16,2,18,0,2,0,0,1,0.646663,4.319095,0
2029-10-01,255.916000,1.000000,858.700000,255.916000,161,38,0,0,17,0,0,17,2,18,0,2,0,0,4,0.638140,4.310050,0
2029-11-01,255.352000,1.225000,858.150000,255.352000,164,35,0,0,10,0,0,10,1,19,8,1,0,0,2,0.641784,4.306156,0
2029-12-01,259.476000,2.000000,873.400000,259.476000,167,32,0,0,6,0,0,6,2,14,4,2,1,0,3,0.632262,4.378894,0
2030-01-01,253.548000,0.000000,857.275000,253.548000,158,41,0,0,21,0,0,21,2,23,0,2,0,0,15,0.640221,4.307915,0
2030-02-01,253.136000,0.450000,848.475000,253.136000,159,40,0,0,21,0,0,21,2,23,0,2,0,0,1,0.636363,4.261432,0
2030-03-01,253.252000,2.000000,853.825000,253.252000,159,40,0,0,7,0,0,7,1,15,2,1,0,0,0,0.607035,4.280528,0
2030-04-01,252.548000,2.000000,859.025000,252.548000,158,41,0,0,23,0,0,23,2,25,0,2,1,0,16,0.611368,4.306658,0
2030-05-01,255.520000,1.000000,863.050000,255.520000,155,44,0,0,15,0,0,15,2,19,2,2,0,0,0,0.632579,4.331910,0
2030-06-01,256.620000,0.000000,867.375000,256.620000,163,36,0,0,5,0,0,5,1,12,4,1,0,0,0,0.646805,4.358668,0
2030-07-01,257.064000,2.000000,885.350000,257.064000,159,40,0,0,13,0,0,13,2,16,0,2,1,0,8,0.638064,4.438945,0
2030-08-01,259.788000,1.000000,888.450000,259.788000,157,42,0,0,17,0,0,17,2,19,0,2,0,0,6,0.633896,4.459548,0
2030-09-01,260.072000,1.000000,869.250000,260.072000,159,40,0,0,16,0,0,16,2,20,2,2,0,0,4,0.636397,4.363065,0
2030-10-01,261.660000,0.225000,878.500000,261.660000,153,46,0,0,17,0,0,17,2,19,0,2,0,0,3,0.651078,4.413442,0
2030-11-01,260.308000,2.000000,877.800000,260.308000,166,33,0,0,22,0,0,22,2,23,0,2,0,0,6,0.628989,4.401005,0
2030-12-01,260.540000,1.225000,884.800000,260.540000,156,43,0,0,21,0,0,21,2,22,0,2,0,0,2,0.662979,4.440075,0
2031-01-01,256.968000,2.000000,872.050000,256.968000,154,45,0,0,7,0,0,7,1,11,2,1,0,0,0,0.613033,4.372111,0
2031-02-01,257.028000,1.000000,878.925000,257.028000,155,44,0,0,15,0,0,15,2,17,0,2,1,0,8,0.650831,4.411683,0
2031-03-01,257.044000,2.000000,873.375000,257.044000,163,36,0,0,12,0,0,12,2,16,0,2,0,0,0,0.623520,4.378769,0
2031-04-01,257.396000,2.000000,875.150000,257.396000,158,41,0,0,14,0,0,14,2,16,0,2,0,0,2,0.649989,4.387688,0
2031-05-01,255.928000,0.225000,878.925000,255.928000,155,44,0,0,9,0,0,9,1,18,6,1,0,0,0,0.632668,4.415578,0
2031-06-01,257.600000,2.000000,872.375000,257.600000,155,44,0,0,20,0,0,20,2,22,0,2,1,0,11,0.634379,4.373744,0
2031-07-01,257.588000,1.225000,882.925000,257.588000,156,43,0,0,19,0,0,19,2,22,2,2,0,0,3,0.642266,4.430653,0
2031-08-01,257.156000,1.000000,889.800000,257.156000,159,40,0,0,21,0,0,21,2,22,0,2,0,0,4,0.647632,4.466332,0
2031-09-01,258.472000,2.000000,885.375000,258.472000,161,38,0,0,16,0,0,16,2,19,0,2,0,0,2,0.617977,4.439070,0
2031-10-01,260.936000,1.000000,891.150000,260.936000,159,40,0,0,20,0,0,20,2,21,0,2,0,0,7,0.627983,4.473116,0
2031-11-01,265.100000,1.000000,903.250000,265.100000,161,38,0,0,13,0,0,13,2,17,2,2,0,0,0,0.627352,4.533920,0
2031-12-01,266.376000,1.000000,904.250000,266.376000,157,42,0,0,22,0,0,22,2,23,0,2,0,0,9,0.644008,4.538945,0
2032-01-01,258.524000,1.000000,891.575000,258.524000,153,46,0,0,16,0,0,16,2,18,0,2,0,0,1,0.610631,4.475251,0
2032-02-01,257.260000,1.000000,875.725000,257.260000,153,46,0,0,14,0,0,14,2,15,0,2,0,0,0,0.616272,4.395603,0
2032-03-01,258.092000,0.000000,880.925000,258.092000,149,50,0,0,6,0,0,6,1,13,2,1,0,0,0,0.621276,4.426759,0
2032-04-01,259.296000,0.225000,893.700000,259.296000,153,46,0,0,9,0,0,9,1,18,6,1,0,0,3,0.642580,4.489824,0
2032-05-01,260.656000,2.000000,896.375000,260.656000,153,46,0,0,5,0,0,5,1,13,4,1,0,0,0,0.626465,4.494347,0
2032-06-01,260.100000,1.000000,896.575000,260.100000,155,44,0,0,17,0,0,17,2,20,2,2,1,0,12,0.645004,4.500377,0
2032-07-01,258.624000,1.000000,897.475000,258.624000,159,40,0,0,19,0,0,19,2,20,0,2,0,0,3,0.652553,4.504899,0
2032-08-01,260.252000,2.000000,890.375000,260.252000,163,36,0,0,20,0,0,20,2,22,0,2,0,0,3,0.630388,4.464196,0
2032-09-01,262.048000,1.000000,893.250000,262.048000,157,42,0,0,14,0,0,14,2,18,2,2,0,0,1,0.641536,4.483668,0
2032-10-01,261.128000,1.000000,896.150000,261.128000,154,45,0,0,22,0,0,22,2,23,0,2,0,0,9,0.645678,4.498241,0
2032-11-01,262.944000,1.000000,903.350000,262.944000,159,40,0,0,20,0,0,20,2,21,0,2,0,0,1,0.641638,4.534422,0
2032-12-01,262.672000,0.000000,896.350000,262.672000,158,41,0,0,17,0,0,17,2,20,2,2,0,0,1,0.639851,4.504271,0
2033-01-01,258.532000,1.000000,889.675000,258.532000,150,49,0,0,10,0,0,10,1,19,8,1,0,0,1,0.622229,4.465704,0
2033-02-01,257.732000,1.225000,882.175000,257.732000,151,48,0,0,15,0,0,15,2,19,2,2,1,0,6,0.631426,4.426884,0
2033-03-01,256.968000,1.000000,888.025000,256.968000,154,45,0,0,16,0,0,16,2,17,0,2,0,0,2,0.644120,4.457412,0
2033-04-01,258.848000,1.225000,905.250000,258.848000,154,45,0,0,15,0,0,15,2,18,2,2,0,0,2,0.639805,4.542839,0
2033-05-01,259.348000,0.000000,890.025000,259.348000,155,44,0,0,23,0,0,23,2,25,0,2,0,0,9,0.630919,4.472487,0
2033-06-01,259.808000,0.000000,904.925000,259.808000,156,43,0,0,10,0,0,10,1,18,6,1,0,0,0,0.641343,4.547362,0
2033-07-01,260.664000,1.000000,901.000000,260.664000,157,42,0,0,23,0,0,23,2,24,0,2,1,0,13,0.617672,4.522613,0
2033-08-01,261.616000,1.000000,898.475000,261.616000,158,41,0,0,14,0,0,14,2,18,2,2,0,0,0,0.626633,4.509925,0
2033-09-01,260.032000,0.000000,905.025000,260.032000,161,38,0,0,19,0,0,19,2,21,0,2,0,0,5,0.642863,4.547864,0
2033-10-01,263.332000,1.000000,909.475000,263.332000,156,43,0,0,18,0,0,18,2,20,0,2,0,0,5,0.665746,4.565201,0
2033-11-01,263.968000,1.000000,906.475000,263.968000,152,47,0,0,21,0,0,21,2,24,0,2,0,0,3,0.643998,4.550126,0
2033-12-01,265.728000,0.225000,930.475000,265.728000,154,45,0,0,21,0,0,21,2,22,0,2,0,0,3,0.651311,4.674623,0
2034-01-01,258.832000,2.000000,904.475000,258.832000,158,41,0,0,14,0,0,14,2,16,0,2,0,0,0,0.647842,4.535050,0
2034-02-01,259.068000,1.000000,896.375000,259.068000,155,44,0,0,19,0,0,19,2,22,0,2,0,0,5,0.640106,4.499372,0
2034-03-01,259.492000,1.000000,899.825000,259.492000,152,47,0,0,9,0,0,9,1,17,4,1,0,0,0,0.638339,4.516709,0
2034-04-01,258.344000,1.000000,890.150000,258.344000,151,48,0,0,19,0,0,19,2,21,0,2,1,0,10,0.654478,4.468090,0
2034-05-01,261.408000,1.225000,918.350000,261.408000,159,40,0,0,17,0,0,17,2,21,2,2,0,0,2,0.628617,4.608668,0
2034-06-01,260.288000,1.000000,910.025000,260.288000,156,43,0,0,20,0,0,20,2,21,0,2,0,0,5,0.646749,4.567965,0
2034-07-01,262.580000,1.000000,918.800000,262.580000,158,41,0,0,15,0,0,15,2,18,2,2,0,0,0,0.626867,4.612060,0
2034-08-01,259.724000,1.000000,903.375000,259.724000,152,47,0,0,15,0,0,15,2,19,2,2,0,0,5,0.655239,4.534548,0
2034-09-01,263.204000,0.000000,926.775000,263.204000,155,44,0,0,19,0,0,19,2,20,0,2,0,0,5,0.634066,4.657161,0
2034-10-01,262.008000,0.000000,906.475000,262.008000,154,45,0,0,14,0,0,14,2,17,0,2,0,0,2,0.649331,4.555151,0
2034-11-01,264.184000,1.000000,919.150000,264.184000,157,42,0,0,15,0,0,15,2,18,0,2,0,0,1,0.625458,4.613819,0
2034-12-01,264.248000,1.000000,925.700000,264.248000,159,40,0,0,10,0,0,10,2,13,2,2,0,0,0,0.662253,4.646734,0
2035-01-01,259.280000,0.000000,915.900000,259.280000,152,47,0,0,21,0,0,21,2,23,0,2,0,0,11,0.654324,4.602513,0
2035-02-01,257.796000,1.000000,904.350000,257.796000,156,43,0,0,18,0,0,18,2,22,0,2,0,0,1,0.634508,4.539447,0
2035-03-01,257.640000,0.000000,907.025000,257.640000,149,50,0,0,16,0,0,16,2,18,0,2,0,0,3,0.637078,4.557915,0
2035-04-01,258.856000,0.225000,915.925000,258.856000,155,44,0,0,12,0,0,12,2,15,0,2,0,0,2,0.639681,4.601508,0
2035-05-01,258.940000,0.000000,909.125000,258.940000,152,47,0,0,19,0,0,19,2,20,0,2,0,0,8,0.638853,4.568467,0
2035-06-01,263.024000,0.000000,927.675000,263.024000,149,50,0,0,15,0,0,15,2,21,2,2,0,0,0,0.630660,4.661683,0
2035-07-01,262.228000,0.225000,941.575000,262.228000,156,43,0,0,14,0,0,14,2,18,2,2,0,0,4,0.626260,4.730402,0
2035-08-01,264.544000,1.000000,926.800000,264.544000,154,45,0,0,21,0,0,21,2,23,0,2,0,0,7,0.637956,4.652261,0
2035-09-01,264.556000,0.000000,928.025000,264.556000,154,45,0,0,20,0,0,20,2,21,0,2,0,0,4,0.653785,4.663442,0
2035-10-01,261.716000,1.000000,925.375000,261.716000,160,39,0,0,13,0,0,13,2,16,0,2,0,0,0,0.626702,4.645101,0
2035-11-01,265.004000,0.225000,928.150000,265.004000,153,46,0,0,10,0,0,10,2,14,2,2,0,0,1,0.616862,4.662940,0
2035-12-01,264.440000,0.225000,934.250000,264.440000,168,31,0,0,15,0,0,15,2,18,2,2,0,0,6,0.643647,4.693593,0
2036-01-01,258.568000,1.000000,925.225000,258.568000,161,38,0,0,16,0,0,16,2,20,2,2,0,0,2,0.613831,4.644347,0
2036-02-01,260.564000,0.000000,928.900000,260.564000,152,47,0,0,16,0,0,16,2,20,2,2,0,0,1,0.638646,4.667839,0
2036-03-01,260.448000,1.000000,936.575000,260.448000,157,42,0,0,10,0,0,10,1,17,4,1,0,0,0,0.629939,4.701382,0
2036-04-01,261.400000,0.000000,935.925000,261.400000,161,38,0,0,19,0,0,19,2,22,2,2,1,0,9,0.607854,4.703141,0
2036-05-01,259.972000,0.000000,929.050000,259.972000,157,42,0,0,14,0,0,14,2,16,0,2,0,0,0,0.633258,4.668593,0
2036-06-01,262.388000,1.000000,925.900000,262.388000,157,42,0,0,13,0,0,13,2,17,0,2,0,0,1,0.636349,4.647739,0
2036-07-01,264.032000,1.000000,936.450000,264.032000,155,44,0,0,13,0,0,13,2,16,0,2,0,0,1,0.644626,4.700754,0
2036-08-01,264.744000,1.000000,952.225000,264.744000,152,47,0,0,14,0,0,14,2,18,2,2,0,0,1,0.647680,4.780025,0
2036-09-01,263.196000,0.000000,927.800000,263.196000,156,43,0,0,19,0,0,19,2,21,0,2,0,0,6,0.661098,4.662312,0
2036-10-01,262.724000,1.000000,941.125000,262.724000,159,40,0,0,19,0,0,19,2,22,2,2,0,0,3,0.657427,4.724246,0
2036-11-01,261.528000,1.000000,927.925000,261.528000,161,38,0,0,19,0,0,19,2,20,0,2,0,0,3,0.637203,4.657915,0
2036-12-01,264.464000,1.000000,952.125000,264.464000,160,39,0,0,12,0,0,12,3,16,0,3,0,0,1,0.618579,4.779523,0
2037-01-01,258.692000,0.225000,927.475000,258.692000,153,46,0,0,9,0,0,9,1,14,2,1,0,0,3,0.650336,4.659548,0
2037-02-01,257.836000,0.225000,924.700000,257.836000,151,48,0,0,12,0,0,12,1,20,2,1,0,0,3,0.626017,4.645603,0
2037-03-01,259.528000,0.000000,944.350000,259.528000,161,38,0,0,9,0,0,9,1,16,2,1,0,0,0,0.603732,4.745477,0
2037-04-01,260.188000,1.000000,939.350000,260.188000,157,42,0,0,7,0,0,7,1,13,2,1,0,0,1,0.609830,4.715327,0
2037-05-01,260.356000,0.000000,943.650000,260.356000,150,49,0,0,10,0,0,10,1,19,6,1,0,0,3,0.622427,4.741960,0
2037-06-01,262.496000,0.000000,940.125000,262.496000,156,43,0,0,10,0,0,10,1,19,6,1,0,0,0,0.637567,4.724246,0
2037-07-01,262.148000,0.000000,942.350000,262.148000,157,42,0,0,13,0,0,13,3,17,0,3,2,0,6,0.629676,4.735427,0
2037-08-01,261.488000,1.000000,933.375000,261.488000,159,40,0,0,19,0,0,19,2,21,0,2,0,0,8,0.619147,4.685302,0
2037-09-01,264.132000,0.000000,958.350000,264.132000,155,44,0,0,18,0,0,18,2,22,2,2,0,0,3,0.633212,4.815829,0
2037-10-01,264.828000,1.000000,952.125000,264.828000,154,45,0,0,11,0,0,11,2,16,2,2,0,0,2,0.637058,4.779523,0
2037-11-01,262.780000,0.225000,941.150000,262.780000,158,41,0,0,16,0,0,16,2,19,2,2,0,0,6,0.631024,4.728266,0
2037-12-01,265.288000,0.000000,959.450000,265.288000,161,38,0,0,7,0,0,7,2,17,8,2,0,0,0,0.627249,4.821357,0
2038-01-01,257.360000,1.000000,929.475000,257.360000,159,40,0,0,10,0,0,10,1,18,4,1,0,0,6,0.614099,4.665704,0
2038-02-01,256.028000,0.000000,928.025000,256.028000,153,46,0,0,18,0,0,18,2,21,0,2,1,0,9,0.642557,4.663442,0
2038-03-01,259.616000,0.000000,935.125000,259.616000,153,46,0,0,11,0,0,11,1,18,4,1,0,0,2,0.629691,4.699121,0
2038-04-01,259.636000,0.000000,958.125000,259.636000,152,47,0,0,15,0,0,15,2,17,0,2,1,0,6,0.640826,4.814698,0
2038-05-01,259.524000,0.000000,953.900000,259.524000,153,46,0,0,18,0,0,18,3,22,2,3,0,0,6,0.632859,4.793467,0
2038-06-01,262.724000,0.000000,956.325000,262.724000,154,45,0,0,20,0,0,20,2,22,0,2,0,0,6,0.619126,4.805653,0
2038-07-01,261.056000,0.000000,949.775000,261.056000,161,38,0,0,16,0,0,16,2,18,0,2,0,0,0,0.629617,4.772739,0
2038-08-01,260.888000,1.000000,937.025000,260.888000,157,42,0,0,9,0,0,9,1,15,2,1,0,0,1,0.653375,4.703643,0
2038-09-01,259.004000,0.000000,950.350000,259.004000,161,38,0,0,17,0,0,17,2,20,2,2,1,0,8,0.652652,4.775628,0
2038-10-01,261.800000,0.000000,948.600000,261.800000,157,42,0,0,16,0,0,16,2,19,2,2,0,0,1,0.632428,4.766834,0
2038-11-01,263.752000,1.000000,967.025000,263.752000,158,41,0,0,15,0,0,15,2,18,2,2,0,0,2,0.623782,4.854397,0
2038-12-01,267.248000,0.000000,981.775000,267.248000,160,39,0,0,17,0,0,17,3,19,0,3,0,0,5,0.635118,4.933543,0
2039-01-01,260.872000,0.225000,955.325000,260.872000,154,45,0,0,11,0,0,11,2,16,2,2,0,0,0,0.617044,4.799497,0
2039-02-01,260.240000,0.000000,951.725000,260.240000,149,50,0,0,9,0,0,9,1,16,2,1,0,0,2,0.622606,4.782538,0
2039-03-01,257.196000,0.000000,951.550000,257.196000,151,48,0,0,9,0,0,9,1,15,2,1,0,0,2,0.621859,4.781658,0
2039-04-01,257.472000,0.000000,933.800000,257.472000,158,41,0,0,10,0,0,10,1,18,6,1,0,0,2,0.642919,4.692462,0
2039-05-01,260.728000,1.000000,958.575000,260.728000,159,40,0,0,19,0,0,19,2,20,0,2,1,0,10,0.648492,4.811935,0
2039-06-01,259.736000,0.225000,947.925000,259.736000,160,39,0,0,11,0,0,11,2,16,2,2,0,0,1,0.630506,4.762312,0
2039-07-01,259.572000,1.000000,954.575000,259.572000,162,37,0,0,18,0,0,18,2,20,0,2,0,0,7,0.630813,4.791834,0
2039-08-01,262.120000,0.000000,958.350000,262.120000,156,43,0,0,17,0,0,17,2,19,0,2,0,0,3,0.644943,4.815829,0
2039-09-01,263.520000,0.225000,956.600000,263.520000,160,39,0,0,13,0,0,13,2,17,2,2,0,0,0,0.630634,4.805905,0
2039-10-01,262.232000,0.000000,951.150000,262.232000,156,43,0,0,16,0,0,16,2,20,2,2,0,0,3,0.642202,4.779648,0
2039-11-01,261.168000,0.000000,955.125000,261.168000,164,35,0,0,16,0,0,16,2,18,0,2,0,0,4,0.629071,4.799623,0
2039-12-01,261.916000,0.000000,967.800000,261.916000,160,39,0,0,19,0,0,19,2,20,0,2,0,0,5,0.642584,4.863317,0
2040-01-01,259.648000,0.000000,949.250000,259.648000,151,48,0,0,14,0,0,14,2,17,2,2,0,0,1,0.658009,4.770101,0
2040-02-01,259.092000,0.000000,961.000000,259.092000,158,41,0,0,9,0,0,9,1,19,6,1,0,0,1,0.620979,4.829146,0
2040-03-01,258.556000,0.000000,953.025000,258.556000,158,41,0,0,19,0,0,19,2,23,2,2,1,0,11,0.640005,4.789070,0
2040-04-01,257.612000,0.000000,950.250000,257.612000,154,45,0,0,7,0,0,7,1,13,4,1,0,0,0,0.637047,4.775126,0
2040-05-01,259.920000,0.000000,978.000000,259.920000,156,43,0,0,11,0,0,11,2,12,0,2,1,0,5,0.631220,4.914573,0
2040-06-01,257.996000,0.000000,963.000000,257.996000,159,40,0,0,10,0,0,10,2,13,0,2,0,0,0,0.620896,4.839196,0
2040-07-01,260.144000,0.000000,964.900000,260.144000,161,38,0,0,17,0,0,17,2,18,0,2,0,0,7,0.620174,4.848744,0
2040-08-01,260.836000,0.000000,968.225000,260.836000,156,43,0,0,18,0,0,18,2,20,0,2,0,0,4,0.653328,4.865452,0
2040-09-01,262.932000,0.000000,967.025000,262.932000,155,44,0,0,18,0,0,18,2,19,0,2,0,0,4,0.645337,4.859422,0
2040-10-01,262.688000,0.000000,978.125000,262.688000,160,39,0,0,19,0,0,19,2,20,0,2,0,0,3,0.651686,4.915201,0
2040-11-01,263.360000,0.000000,974.425000,263.360000,160,39,0,0,13,0,0,13,2,16,0,2,0,0,1,0.633037,4.896608,0
2040-12-01,261.660000,0.000000,976.000000,261.660000,159,40,0,0,12,0,0,12,2,18,4,2,0,0,1,0.637569,4.904523,0
2041-01-01,257.068000,0.000000,958.775000,257.068000,165,34,0,0,20,0,0,20,2,22,0,2,0,0,9,0.646092,4.817965,0
2041-02-01,255.732000,0.000000,965.900000,255.732000,159,40,0,0,11,0,0,11,1,18,4,1,0,0,1,0.621976,4.853769,0
2041-03-01,255.184000,0.000000,958.775000,255.184000,159,40,0,0,9,0,0,9,1,16,2,1,0,0,1,0.619474,4.817965,0
2041-04-01,257.684000,0.000000,970.775000,257.684000,159,40,0,0,16,0,0,16,2,19,0,2,1,0,10,0.630795,4.878266,0
2041-05-01,259.372000,0.000000,966.025000,259.372000,153,46,0,0,12,0,0,12,2,15,0,2,0,0,0,0.622704,4.854397,0
2041-06-01,259.900000,0.000000,962.350000,259.900000,161,38,0,0,8,0,0,8,1,16,4,1,0,0,1,0.636945,4.835930,0
2041-07-01,260.320000,0.000000,990.675000,260.320000,159,40,0,0,13,0,0,13,2,20,6,2,1,0,6,0.634981,4.978266,0
2041-08-01,261.708000,0.000000,980.000000,261.708000,161,38,0,0,18,0,0,18,2,21,2,2,0,0,5,0.627226,4.924623,0
2041-09-01,259.912000,0.000000,981.250000,259.912000,158,41,0,0,19,0,0,19,2,20,0,2,0,0,4,0.637451,4.930905,0
2041-10-01,261.504000,0.000000,979.775000,261.504000,164,35,0,0,18,0,0,18,2,19,0,2,0,0,0,0.628475,4.923492,0
2041-11-01,260.540000,0.000000,984.325000,260.540000,160,39,0,0,16,0,0,16,3,20,2,3,0,0,4,0.647455,4.946357,0
2041-12-01,259.964000,0.000000,972.350000,259.964000,165,34,0,0,20,0,0,20,2,21,0,2,0,0,6,0.655685,4.886181,0
2042-01-01,255.504000,0.000000,960.800000,255.504000,161,38,0,0,14,0,0,14,2,19,2,2,0,0,0,0.630040,4.828141,0
2042-02-01,256.808000,0.000000,975.900000,256.808000,165,34,0,0,12,0,0,12,2,14,0,2,0,0,2,0.627377,4.904020,0
2042-03-01,258.240000,0.000000,973.250000,258.240000,162,37,0,0,10,0,0,10,1,16,4,1,0,0,2,0.645878,4.890704,0
2042-04-01,256.268000,0.000000,972.575000,256.268000,159,40,0,0,16,0,0,16,2,19,2,2,1,0,7,0.643081,4.887312,0
2042-05-01,257.888000,0.000000,977.675000,257.888000,162,37,0,0,17,0,0,17,2,21,2,2,0,0,5,0.621208,4.912940,0
2042-06-01,257.092000,0.000000,957.150000,257.092000,164,35,0,0,19,0,0,19,2,20,0,2,0,0,5,0.630321,4.809799,0
2042-07-01,261.100000,0.000000,980.575000,261.100000,160,39,0,0,10,0,0,10,1,18,6,1,0,0,0,0.633500,4.927513,0
2042-08-01,259.724000,0.000000,978.925000,259.724000,160,39,0,0,14,0,0,14,2,16,0,2,1,0,5,0.609283,4.919221,0
2042-09-01,259.744000,0.000000,985.450000,259.744000,160,39,0,0,14,0,0,14,2,16,0,2,0,0,0,0.665947,4.952010,0
2042-10-01,262.504000,0.000000,989.900000,262.504000,160,39,0,0,16,0,0,16,2,19,2,2,0,0,2,0.649805,4.974372,0
2042-11-01,261.412000,0.000000,996.450000,261.412000,164,35,0,0,12,0,0,12,2,14,0,2,0,0,0,0.632211,5.007286,0
2042-12-01,261.604000,0.000000,1001.775000,261.604000,163,36,0,0,17,0,0,17,2,19,0,2,0,0,5,0.648637,5.034045,0
2043-01-01,259.148000,0.000000,985.125000,259.148000,162,37,0,0,7,0,0,7,1,13,2,1,0,0,2,0.643378,4.950377,0
2043-02-01,257.428000,0.000000,981.475000,257.428000,165,34,0,0,15,0,0,15,2,17,0,2,1,0,8,0.645812,4.932035,0
2043-03-01,254.772000,0.000000,967.675000,254.772000,158,41,0,0,13,0,0,13,2,15,0,2,0,0,0,0.625766,4.862688,0
2043-04-01,256.728000,0.000000,979.450000,256.728000,165,34,0,0,7,0,0,7,1,15,6,1,0,0,1,0.593818,4.921859,0
2043-05-01,257.044000,0.000000,986.675000,257.044000,161,38,0,0,8,0,0,8,1,14,2,1,0,0,2,0.651195,4.958166,0
2043-06-01,257.928000,0.000000,991.250000,257.928000,161,38,0,0,15,0,0,15,2,18,2,2,1,0,7,0.627581,4.981156,0
2043-07-01,258.992000,0.000000,1004.125000,258.992000,164,35,0,0,3,0,0,3,1,13,6,1,0,0,0,0.604469,5.045854,0
2043-08-01,257.956000,0.000000,986.000000,257.956000,166,33,0,0,15,0,0,15,2,16,0,2,1,0,12,0.634050,4.954774,0
2043-09-01,258.488000,0.000000,994.225000,258.488000,163,36,0,0,18,0,0,18,2,21,2,2,0,0,6,0.632985,4.996106,0
2043-10-01,259.376000,0.000000,992.600000,259.376000,163,36,0,0,15,0,0,15,2,17,0,2,0,0,5,0.631652,4.987940,0
2043-11-01,260.224000,0.000000,1000.775000,260.224000,169,30,0,0,7,0,0,7,1,16,8,1,0,0,0,0.617441,5.029020,0
2043-12-01,259.656000,0.000000,1004.900000,259.656000,171,28,0,0,20,0,0,20,2,21,0,2,1,0,14,0.616545,5.049749,0
2044-01-01,251.836000,0.000000,971.025000,251.836000,170,29,0,0,14,0,0,14,2,18,2,2,0,0,1,0.637472,4.879523,0
2044-02-01,253.068000,0.000000,969.900000,253.068000,165,34,0,0,7,0,0,7,1,14,4,1,0,0,0,0.596494,4.873869,0
2044-03-01,254.544000,0.000000,982.250000,254.544000,165,34,0,0,20,0,0,20,2,21,0,2,1,0,13,0.639806,4.935930,0
2044-04-01,256.588000,0.000000,994.675000,256.588000,159,40,0,0,14,0,0,14,2,17,0,2,0,0,0,0.623958,4.998367,0
2044-05-01,253.332000,0.000000,996.325000,253.332000,168,31,0,0,18,0,0,18,2,20,0,2,0,0,4,0.627946,5.006658,0
2044-06-01,254.276000,0.000000,978.550000,254.276000,164,35,0,0,17,0,0,17,2,20,0,2,0,0,2,0.623233,4.917337,0
2044-07-01,256.496000,0.000000,993.225000,256.496000,164,35,0,0,15,0,0,15,2,16,0,2,0,0,1,0.632046,4.991080,0
2044-08-01,258.492000,0.000000,1007.225000,258.492000,167,32,0,0,18,0,0,18,2,20,0,2,0,0,6,0.638744,5.061432,0
2044-09-01,254.984000,0.000000,994.450000,254.984000,169,30,0,0,20,0,0,20,2,21,0,2,0,0,4,0.681212,4.997236,0
2044-10-01,259.500000,0.000000,1003.650000,259.500000,159,40,0,0,17,0,0,17,2,20,2,2,0,0,2,0.634818,5.043467,0
2044-11-01,260.920000,0.000000,1013.675000,260.920000,164,35,0,0,18,0,0,18,2,21,2,2,0,0,2,0.645596,5.093844,0
2044-12-01,262.252000,0.000000,1015.000000,262.252000,161,38,0,0,17,0,0,17,2,20,2,2,0,0,0,0.634242,5.100503,0
2045-01-01,254.992000,0.000000,992.700000,254.992000,163,36,0,0,12,0,0,12,2,16,2,2,0,0,0,0.613559,4.988442,0
2045-02-01,255.996000,0.000000,998.100000,255.996000,158,41,0,0,11,0,0,11,2,16,2,2,0,0,2,0.633330,5.015578,0
2045-03-01,258.644000,0.000000,1010.225000,258.644000,161,38,0,0,6,1,0,6,1,15,4,1,0,0,1,0.616728,5.076508,0
2045-04-01,256.532000,0.000000,997.900000,256.532000,165,34,0,0,14,0,0,14,2,18,2,2,1,0,8,0.630484,5.014573,0
2045-05-01,256.432000,1.000000,1008.225000,256.432000,167,32,0,0,16,0,0,16,3,20,2,3,0,0,4,0.638953,5.061432,0
2045-06-01,254.196000,0.000000,999.650000,254.196000,167,32,0,0,15,0,0,15,2,18,2,2,0,0,4,0.625227,5.023367,0
2045-07-01,254.832000,0.000000,1004.925000,254.832000,165,34,0,0,16,0,0,16,2,19,0,2,0,0,3,0.656128,5.049874,0
2045-08-01,256.216000,0.000000,999.575000,256.216000,168,31,0,0,10,0,0,10,2,17,4,2,0,0,0,0.642109,5.022990,0
2045-09-01,260.148000,0.000000,1024.325000,260.148000,168,31,0,0,13,0,0,13,2,16,0,2,0,0,4,0.627691,5.147362,0
2045-10-01,259.528000,0.000000,1024.775000,259.528000,169,30,0,0,12,0,0,12,2,16,2,2,0,0,0,0.652420,5.149623,0
2045-11-01,260.308000,0.000000,1017.650000,260.308000,171,28,0,0,13,0,0,13,2,16,0,2,0,0,2,0.622813,5.113819,0
2045-12-01,261.144000,0.000000,1030.675000,261.144000,166,33,0,0,5,0,0,5,1,12,2,1,0,0,0,0.628802,5.179271,0
2046-01-01,253.444000,0.000000,1001.775000,253.444000,165,34,0,0,16,0,0,16,2,17,0,2,1,0,11,0.646370,5.034045,0
2046-02-01,252.308000,0.000000,984.450000,252.308000,167,32,0,0,11,0,0,11,2,16,2,2,0,0,2,0.627268,4.946985,0
2046-03-01,253.368000,0.000000,998.225000,253.368000,169,30,0,0,17,0,0,17,2,21,2,2,0,0,8,0.635806,5.016206,0
2046-04-01,254.000000,0.000000,1009.675000,254.000000,165,34,0,0,12,0,0,12,2,19,2,2,0,0,1,0.636168,5.073744,0
2046-05-01,257.304000,0.000000,1018.100000,257.304000,158,41,0,0,8,0,0,8,1,13,2,1,0,0,1,0.643573,5.116080,0
2046-06-01,255.968000,0.000000,1016.225000,255.968000,162,37,0,0,8,0,0,8,1,14,2,1,0,0,1,0.623447,5.106658,0
2046-07-01,256.708000,0.000000,1015.100000,256.708000,163,36,0,0,17,0,0,17,2,20,0,2,1,0,9,0.629434,5.101005,0
2046-08-01,256.604000,0.000000,1021.875000,256.604000,159,40,0,0,18,0,0,18,2,21,2,2,0,0,2,0.635987,5.135050,0
2046-09-01,255.840000,0.000000,1007.350000,255.840000,164,35,0,0,13,0,0,13,2,14,0,2,0,0,1,0.635848,5.062060,0
2046-10-01,258.684000,0.000000,1028.125000,258.684000,166,33,0,0,8,0,0,8,2,14,4,2,0,0,3,0.626127,5.166457,0
2046-11-01,257.124000,0.000000,1017.225000,257.124000,167,32,0,0,18,0,0,18,2,19,0,2,0,0,11,0.641219,5.111683,0
2046-12-01,261.044000,0.000000,1030.800000,261.044000,167,32,0,0,14,0,0,14,2,19,4,2,0,0,2,0.662594,5.179899,0
2047-01-01,253.704000,0.000000,1018.325000,253.704000,167,32,0,0,6,0,0,6,2,12,2,2,0,0,1,0.629789,5.117211,0
2047-02-01,254.012000,0.000000,1031.100000,254.012000,170,29,0,0,10,0,0,10,1,15,0,1,0,0,5,0.617036,5.181407,0
2047-03-01,253.196000,0.000000,1023.225000,253.196000,166,33,0,0,15,0,0,15,2,23,4,2,1,0,5,0.632302,5.141834,0
2047-04-01,253.752000,0.000000,1021.000000,253.752000,162,37,0,0,12,0,0,12,2,16,2,2,0,0,3,0.632170,5.130653,0
2047-05-01,252.720000,0.000000,1012.750000,252.720000,168,31,0,0,16,0,0,16,2,19,2,2,0,0,4,0.635774,5.089196,0
2047-06-01,254.592000,0.000000,1026.225000,254.592000,170,29,0,0,12,0,0,12,2,14,0,2,0,0,0,0.634466,5.156910,0
2047-07-01,256.756000,0.000000,1036.750000,256.756000,165,34,0,0,15,0,0,15,2,17,0,2,0,0,5,0.627368,5.209799,0
2047-08-01,255.388000,0.000000,1016.125000,255.388000,170,29,0,0,3,0,0,3,1,12,6,1,0,0,0,0.638904,5.106156,0
2047-09-01,257.784000,0.000000,1031.900000,257.784000,169,30,0,0,17,0,0,17,2,20,0,2,1,0,14,0.644101,5.185427,0
2047-10-01,257.268000,0.000000,1028.900000,257.268000,169,30,0,0,3,0,0,3,1,12,8,1,0,0,1,0.612756,5.170352,0
2047-11-01,257.440000,0.000000,1024.900000,257.440000,168,31,0,0,13,0,0,13,2,17,2,2,1,0,11,0.648492,5.150251,0
2047-12-01,257.796000,0.000000,1042.750000,257.796000,169,30,0,0,6,0,0,6,1,11,2,1,0,0,0,0.639277,5.239950,0
2048-01-01,254.540000,0.000000,1016.900000,254.540000,166,33,0,0,9,0,0,9,1,16,6,1,0,0,3,0.639177,5.110050,0
2048-02-01,250.204000,0.000000,1002.000000,250.204000,168,31,0,0,9,0,0,9,1,18,6,1,0,0,1,0.616825,5.035176,0
2048-03-01,252.356000,0.000000,1025.425000,252.356000,165,34,0,0,9,0,0,9,1,19,6,1,0,0,1,0.636390,5.152889,0
2048-04-01,253.024000,0.000000,1027.875000,253.024000,162,37,0,0,10,0,0,10,1,16,2,1,0,0,1,0.654697,5.165201,0
2048-05-01,251.432000,0.000000,1022.125000,251.432000,169,30,0,0,6,0,0,6,1,14,4,1,0,0,1,0.635969,5.136307,0
2048-06-01,252.684000,0.000000,1027.125000,252.684000,171,28,0,0,7,0,0,7,1,14,2,1,0,0,4,0.585997,5.161432,0
2048-07-01,254.004000,0.000000,1032.200000,254.004000,174,25,0,0,13,0,0,13,2,17,2,2,1,0,6,0.627118,5.186935,0
2048-08-01,253.744000,0.000000,1034.000000,253.744000,170,29,0,0,21,0,0,21,2,22,0,2,0,0,9,0.631630,5.195980,0
2048-09-01,253.664000,0.000000,1030.775000,253.664000,171,28,0,0,7,0,0,7,1,14,2,1,0,0,0,0.652288,5.179774,0
2048-10-01,256.128000,0.000000,1049.450000,256.128000,170,29,0,0,8,0,0,8,2,14,4,2,1,0,5,0.621612,5.273618,0
2048-11-01,256.212000,0.000000,1041.550000,256.212000,164,35,0,0,22,0,0,22,2,23,0,2,0,0,14,0.652112,5.233920,0
2048-12-01,255.236000,0.000000,1032.350000,255.236000,169,30,0,0,23,0,0,23,2,25,0,2,0,0,3,0.643512,5.187688,0
2049-01-01,249.476000,0.000000,1004.025000,249.476000,169,30,0,0,18,0,0,18,2,21,0,2,0,0,2,0.648476,5.045352,0
2049-02-01,250.048000,0.000000,1019.575000,250.048000,169,30,0,0,10,0,0,10,2,14,0,2,0,0,1,0.628565,5.123492,0
2049-03-01,252.320000,0.000000,1029.675000,252.320000,172,27,0,0,11,0,0,11,2,16,0,2,0,0,3,0.584409,5.174246,0
2049-04-01,250.196000,0.000000,1035.225000,250.196000,168,31,0,0,11,0,0,11,2,16,2,2,0,0,4,0.640990,5.202136,0
2049-05-01,251.276000,0.000000,1036.000000,251.276000,171,28,0,0,8,0,0,8,1,15,2,1,0,0,2,0.640163,5.206030,0
2049-06-01,250.796000,0.000000,1030.450000,250.796000,163,36,0,0,13,0,0,13,2,15,0,2,1,0,5,0.655602,5.178141,0
2049-07-01,254.912000,0.000000,1028.000000,254.912000,169,30,0,0,13,0,0,13,2,17,2,2,0,0,1,0.613128,5.165829,0
2049-08-01,254.204000,0.000000,1040.750000,254.204000,170,29,0,0,11,0,0,11,2,14,2,2,0,0,1,0.608625,5.229899,0
2049-09-01,256.552000,0.000000,1054.125000,256.552000,175,24,0,0,17,0,0,17,2,18,0,2,0,0,8,0.602115,5.297111,0
2049-10-01,256.464000,0.000000,1054.875000,256.464000,176,23,0,0,17,0,0,17,2,20,2,2,0,0,4,0.638189,5.300879,0
2049-11-01,255.408000,0.000000,1054.100000,255.408000,171,28,0,0,12,0,0,12,2,15,0,2,0,0,1,0.649791,5.296985,0
2049-12-01,256.304000,0.000000,1046.450000,256.304000,174,25,0,0,14,0,0,14,2,18,2,2,0,0,3,0.646960,5.258543,0
2050-01-01,251.156000,0.000000,1043.125000,251.156000,172,27,0,0,15,0,0,15,2,17,0,2,0,0,3,0.633218,5.241834,0
2050-02-01,251.864000,0.000000,1046.100000,251.864000,169,30,0,0,8,0,0,8,1,13,2,1,0,0,0,0.643951,5.256784,0
2050-03-01,250.476000,0.000000,1023.900000,250.476000,169,30,0,0,9,0,0,9,1,15,2,1,0,0,2,0.612341,5.145226,0
2050-04-01,250.268000,0.000000,1037.325000,250.268000,173,26,0,0,7,0,0,7,1,16,6,1,0,0,0,0.637414,5.212688,0
2050-05-01,253.592000,0.000000,1051.000000,253.592000,170,29,0,0,8,0,0,8,1,16,6,1,0,0,1,0.617657,5.281407,0
2050-06-01,251.572000,0.000000,1039.900000,251.572000,174,25,0,0,12,1,0,12,2,16,0,2,1,0,6,0.611943,5.225628,0
2050-07-01,251.772000,0.000000,1050.100000,251.772000,172,27,0,0,9,0,0,9,2,14,2,2,0,0,1,0.612994,5.276884,0
2050-08-01,253.556000,0.000000,1044.750000,253.556000,175,24,0,0,18,0,0,18,2,21,2,2,0,0,11,0.630896,5.250000,0
2050-09-01,251.544000,0.000000,1048.675000,251.544000,171,28,0,0,19,0,0,19,2,20,0,2,0,0,3,0.652247,5.269724,0
2050-10-01,252.800000,0.000000,1055.875000,252.800000,175,24,0,0,20,0,0,20,2,22,0,2,0,0,3,0.584891,5.305905,0
2050-11-01,253.736000,0.000000,1041.575000,253.736000,166,33,0,0,15,0,0,15,2,19,2,2,0,0,0,0.638561,5.234045,0
2050-12-01,255.460000,0.000000,1055.975000,255.460000,172,27,0,0,6,0,0,6,1,14,6,1,0,0,3,0.629933,5.306407,0
