MUNICIPALITY,BARANGAY,MATCH_STATUS,MATCH_METHOD,MATCH_SCORE,NODE_ID,PSGC,BOUNDARY_MUNICIPALITY,BOUNDARY_BARANGAY
BANGA,BENITEZ,MATCHED,EXACT_NORMALIZED,1.0,0.0,1206302002,Banga,Benitez
BANGA,CABUDIAN,MATCHED,EXACT_NORMALIZED,1.0,1.0,1206302003,Banga,Cabudian
BANGA,CABULING,MATCHED,EXACT_NORMALIZED,1.0,2.0,1206302004,Banga,Cabuling
BANGA,CINCO,MATCHED,EXACT_NORMALIZED,1.0,3.0,1206302005,Banga,Cinco
BANGA,DERILON,MATCHED,EXACT_NORMALIZED,1.0,4.0,1206302006,Banga,Derilon
BANGA,EL NONOK,MATCHED,EXACT_NORMALIZED,1.0,5.0,1206302007,Banga,El Nonok
BANGA,IMPROGO VILLAGE,MATCHED,EXACT_NORMALIZED,1.0,6.0,1206302008,Banga,Improgo Village
BANGA,KUSAN,MATCHED,EXACT_NORMALIZED,1.0,7.0,1206302009,Banga,Kusan
BANGA,LAM-APOS,MATCHED,EXACT_NORMALIZED,1.0,8.0,1206302010,Banga,Lam-Apos
BANGA,LAMBA,MATCHED,EXACT_NORMALIZED,1.0,9.0,1206302011,Banga,Lamba
BANGA,LAMBINGI,MATCHED,EXACT_NORMALIZED,1.0,10.0,1206302012,Banga,Lambingi
BANGA,LAMPARI,MATCHED,EXACT_NORMALIZED,1.0,11.0,1206302013,Banga,Lampari
BANGA,LIWANAY,MATCHED,EXACT_NORMALIZED,1.0,12.0,1206302014,Banga,Liwanay
BANGA,MALAYA,MATCHED,EXACT_NORMALIZED,1.0,13.0,1206302015,Banga,Malaya
BANGA,PUNONG GRANDE,MATCHED,EXACT_NORMALIZED,1.0,14.0,1206302016,Banga,Punong Grande
BANGA,RANG-AY,MATCHED,EXACT_NORMALIZED,1.0,15.0,1206302017,Banga,Rang-ay
BANGA,REYES,MATCHED,EXACT_NORMALIZED,1.0,16.0,1206302018,Banga,Reyes
BANGA,RIZAL,MATCHED,EXACT_NORMALIZED,1.0,17.0,1206302019,Banga,Rizal
BANGA,RIZAL POBLACION,MATCHED,EXACT_NORMALIZED,1.0,18.0,1206302020,Banga,Rizal Poblacion
BANGA,SAN JOSE,MATCHED,EXACT_NORMALIZED,1.0,19.0,1206302021,Banga,San Jose
BANGA,SAN VICENTE,MATCHED,EXACT_NORMALIZED,1.0,20.0,1206302022,Banga,San Vicente
BANGA,YANGCO POBLACION,MATCHED,EXACT_NORMALIZED,1.0,21.0,1206302024,Banga,Yangco Poblacion
LAKE SEBU,BACDULONG,MATCHED,EXACT_NORMALIZED,1.0,49.0,1206319001,Lake Sebu,Bacdulong
LAKE SEBU,DENLAG,MATCHED,EXACT_NORMALIZED,1.0,50.0,1206319002,Lake Sebu,Denlag
LAKE SEBU,HALILAN,MATCHED,EXACT_NORMALIZED,1.0,51.0,1206319003,Lake Sebu,Halilan
LAKE SEBU,HANOON,MATCHED,EXACT_NORMALIZED,1.0,52.0,1206319004,Lake Sebu,Hanoon
LAKE SEBU,KLUDI,UNMATCHED,FUZZY_NAME,0.8,,,,
LAKE SEBU,LAKE LAHIT,MATCHED,EXACT_NORMALIZED,1.0,54.0,1206319006,Lake Sebu,Lake Lahit
LAKE SEBU,LAMCADE,MATCHED,EXACT_NORMALIZED,1.0,55.0,1206319007,Lake Sebu,Lamcade
LAKE SEBU,LAMDALAG,MATCHED,EXACT_NORMALIZED,1.0,56.0,1206319008,Lake Sebu,Lamdalag
LAKE SEBU,LAMFUGON,MATCHED,EXACT_NORMALIZED,1.0,57.0,1206319009,Lake Sebu,Lamfugon
LAKE SEBU,LAMLAHAK,MATCHED,EXACT_NORMALIZED,1.0,58.0,1206319010,Lake Sebu,Lamlahak
LAKE SEBU,LOWER MACULAN,MATCHED,EXACT_NORMALIZED,1.0,59.0,1206319011,Lake Sebu,Lower Maculan
LAKE SEBU,LUHIB,MATCHED,EXACT_NORMALIZED,1.0,60.0,1206319012,Lake Sebu,Luhib
LAKE SEBU,NED,MATCHED,EXACT_NORMALIZED,1.0,61.0,1206319013,Lake Sebu,Ned
LAKE SEBU,POBLACION,MATCHED,EXACT_NORMALIZED,1.0,62.0,1206319014,Lake Sebu,Poblacion
LAKE SEBU,SILUTON,MATCHED,EXACT_NORMALIZED,1.0,63.0,1206319015,Lake Sebu,Siluton
LAKE SEBU,TAKUNEL,MATCHED,EXACT_NORMALIZED,1.0,65.0,1206319017,Lake Sebu,Takunel
LAKE SEBU,TALISAY,MATCHED,EXACT_NORMALIZED,1.0,64.0,1206319016,Lake Sebu,Talisay
LAKE SEBU,TASIMAN,MATCHED,EXACT_NORMALIZED,1.0,67.0,1206319019,Lake Sebu,Tasiman
LAKE SEBU,UPPER MACULAN,MATCHED,EXACT_NORMALIZED,1.0,66.0,1206319018,Lake Sebu,Upper Maculan
NORALA,BENIGNO AQUINO,MATCHED,FUZZY_NAME,0.9032258064516129,81.0,1206311022,Norala,"Benigno Aquino, Jr."
NORALA,DUMAGUIL,MATCHED,EXACT_NORMALIZED,1.0,68.0,1206311002,Norala,Dumaguil
NORALA,ESPERANZA,MATCHED,EXACT_NORMALIZED,1.0,69.0,1206311003,Norala,Esperanza
NORALA,KIBID,MATCHED,EXACT_NORMALIZED,1.0,70.0,1206311006,Norala,Kibid
NORALA,LAPUZ,MATCHED,EXACT_NORMALIZED,1.0,71.0,1206311007,Norala,Lapuz
NORALA,LIBERTY,MATCHED,EXACT_NORMALIZED,1.0,72.0,1206311008,Norala,Liberty
NORALA,LOPEZ JAENA,MATCHED,EXACT_NORMALIZED,1.0,73.0,1206311009,Norala,Lopez Jaena
NORALA,MATAPOL,MATCHED,EXACT_NORMALIZED,1.0,74.0,1206311011,Norala,Matapol
NORALA,POBLACION,MATCHED,EXACT_NORMALIZED,1.0,75.0,1206311013,Norala,Poblacion
NORALA,PUTI,MATCHED,EXACT_NORMALIZED,1.0,76.0,1206311014,Norala,Puti
NORALA,SAN JOSE,MATCHED,EXACT_NORMALIZED,1.0,77.0,1206311016,Norala,San Jose
NORALA,SAN MIGUEL,MATCHED,EXACT_NORMALIZED,1.0,78.0,1206311017,Norala,San Miguel
NORALA,SIMSIMAN,MATCHED,EXACT_NORMALIZED,1.0,79.0,1206311020,Norala,Simsiman
NORALA,TINAGO,MATCHED,EXACT_NORMALIZED,1.0,80.0,1206311021,Norala,Tinago
POLOMOLOK,BENTUNG,MATCHED,EXACT_NORMALIZED,1.0,82.0,1206312001,Polomolok,Bentung
POLOMOLOK,CANNERY SITE,MATCHED,EXACT_NORMALIZED,1.0,103.0,1206312024,Polomolok,Cannery Site
POLOMOLOK,CROSSING PALKAN,MATCHED,EXACT_NORMALIZED,1.0,83.0,1206312002,Polomolok,Crossing Palkan
POLOMOLOK,GLAMANG,MATCHED,EXACT_NORMALIZED,1.0,84.0,1206312003,Polomolok,Glamang
POLOMOLOK,KINILIS,MATCHED,EXACT_NORMALIZED,1.0,85.0,1206312004,Polomolok,Kinilis
POLOMOLOK,KLINAN 6,MATCHED,EXACT_NORMALIZED,1.0,86.0,1206312005,Polomolok,Klinan 6
POLOMOLOK,KORONADAL PROPER,MATCHED,EXACT_NORMALIZED,1.0,87.0,1206312006,Polomolok,Koronadal Proper
POLOMOLOK,LAM-CALIAF,MATCHED,EXACT_NORMALIZED,1.0,88.0,1206312007,Polomolok,Lam-Caliaf
POLOMOLOK,LANDAN,MATCHED,EXACT_NORMALIZED,1.0,89.0,1206312008,Polomolok,Landan
POLOMOLOK,LAPU,MATCHED,EXACT_NORMALIZED,1.0,102.0,1206312023,Polomolok,Lapu
POLOMOLOK,LUMAKIL,MATCHED,EXACT_NORMALIZED,1.0,90.0,1206312009,Polomolok,Lumakil
POLOMOLOK,MAGSAYSAY,MATCHED,EXACT_NORMALIZED,1.0,95.0,1206312016,Polomolok,Magsaysay
POLOMOLOK,MALIGO,MATCHED,EXACT_NORMALIZED,1.0,91.0,1206312011,Polomolok,Maligo
POLOMOLOK,PAGALUNGAN,MATCHED,EXACT_NORMALIZED,1.0,104.0,1206312025,Polomolok,Pagalungan
POLOMOLOK,PALKAN,MATCHED,EXACT_NORMALIZED,1.0,92.0,1206312013,Polomolok,Palkan
POLOMOLOK,POBLACION,MATCHED,EXACT_NORMALIZED,1.0,93.0,1206312014,Polomolok,Poblacion
POLOMOLOK,POLO,MATCHED,EXACT_NORMALIZED,1.0,94.0,1206312015,Polomolok,Polo
POLOMOLOK,RUBBER,MATCHED,EXACT_NORMALIZED,1.0,96.0,1206312017,Polomolok,Rubber
POLOMOLOK,SILWAY 7,MATCHED,EXACT_NORMALIZED,1.0,97.0,1206312018,Polomolok,Silway 7
POLOMOLOK,SILWAY 8,MATCHED,EXACT_NORMALIZED,1.0,98.0,1206312019,Polomolok,Silway 8
POLOMOLOK,SULIT,MATCHED,EXACT_NORMALIZED,1.0,99.0,1206312020,Polomolok,Sulit
POLOMOLOK,SUMBAKIL,MATCHED,EXACT_NORMALIZED,1.0,100.0,1206312021,Polomolok,Sumbakil
POLOMOLOK,UPPER KLINAN,MATCHED,EXACT_NORMALIZED,1.0,101.0,1206312022,Polomolok,Upper Klinan
STO. NINO,AMBALGAN,MATCHED,EXACT_NORMALIZED,1.0,105.0,1206318001,Santo Niño,Ambalgan
STO. NINO,GUINSANG-AN,MATCHED,EXACT_NORMALIZED,1.0,106.0,1206318002,Santo Niño,Guinsang-an
STO. NINO,KATIPUNAN,MATCHED,EXACT_NORMALIZED,1.0,107.0,1206318003,Santo Niño,Katipunan
STO. NINO,MANUEL ROXAS,MATCHED,EXACT_NORMALIZED,1.0,108.0,1206318004,Santo Niño,Manuel Roxas
STO. NINO,PANAY,MATCHED,EXACT_NORMALIZED,1.0,109.0,1206318005,Santo Niño,Panay
STO. NINO,POBLACION,MATCHED,EXACT_NORMALIZED,1.0,110.0,1206318006,Santo Niño,Poblacion
STO. NINO,SAJANEBA,MATCHED,EXACT_NORMALIZED,1.0,114.0,1206318010,Santo Niño,Sajaneba
STO. NINO,SAN ISIDRO,MATCHED,EXACT_NORMALIZED,1.0,111.0,1206318007,Santo Niño,San Isidro
STO. NINO,SAN VICENTE,MATCHED,EXACT_NORMALIZED,1.0,112.0,1206318008,Santo Niño,San Vicente
STO. NINO,TERESITA,MATCHED,EXACT_NORMALIZED,1.0,113.0,1206318009,Santo Niño,Teresita
SURALLAH,BUENAVISTA,MATCHED,EXACT_NORMALIZED,1.0,115.0,1206313002,Surallah,Buenavista
SURALLAH,CANAHAY,MATCHED,EXACT_NORMALIZED,1.0,120.0,1206313008,Surallah,Canahay
SURALLAH,CENTRALA,MATCHED,EXACT_NORMALIZED,1.0,116.0,1206313003,Surallah,Centrala
SURALLAH,COLONGULO,MATCHED,EXACT_NORMALIZED,1.0,117.0,1206313004,Surallah,Colongulo
SURALLAH,DAJAY,MATCHED,EXACT_NORMALIZED,1.0,118.0,1206313005,Surallah,Dajay
SURALLAH,DUENGAS,MATCHED,EXACT_NORMALIZED,1.0,119.0,1206313006,Surallah,Duengas
SURALLAH,LAMBONTONG,MATCHED,EXACT_NORMALIZED,1.0,121.0,1206313014,Surallah,Lambontong
SURALLAH,LAMIAN,MATCHED,EXACT_NORMALIZED,1.0,122.0,1206313017,Surallah,Lamian
SURALLAH,LAMSUGOD,MATCHED,EXACT_NORMALIZED,1.0,123.0,1206313018,Surallah,Lamsugod
SURALLAH,LIBERTAD POB.,MATCHED,EXACT_NORMALIZED,1.0,124.0,1206313019,Surallah,Libertad
SURALLAH,LITTLE BAGUIO,MATCHED,EXACT_NORMALIZED,1.0,125.0,1206313020,Surallah,Little Baguio
SURALLAH,MOLOY,MATCHED,EXACT_NORMALIZED,1.0,126.0,1206313023,Surallah,Moloy
SURALLAH,NACI,MATCHED,EXACT_NORMALIZED,1.0,127.0,1206313024,Surallah,Naci
SURALLAH,TALAHIK,MATCHED,EXACT_NORMALIZED,1.0,128.0,1206313028,Surallah,Talahik
SURALLAH,TUBIALA,MATCHED,EXACT_NORMALIZED,1.0,129.0,1206313030,Surallah,Tubiala
SURALLAH,UPPER SEPAKA,MATCHED,EXACT_NORMALIZED,1.0,130.0,1206313031,Surallah,Upper Sepaka
SURALLAH,VETERANS,MATCHED,EXACT_NORMALIZED,1.0,131.0,1206313032,Surallah,Veterans
TAMPAKAN,ALBAGAN,MATCHED,EXACT_NORMALIZED,1.0,157.0,1206314001,Tampakan,Albagan
TAMPAKAN,BUTO,MATCHED,EXACT_NORMALIZED,1.0,164.0,1206314008,Tampakan,Buto
TAMPAKAN,DANLAG,MATCHED,EXACT_NORMALIZED,1.0,168.0,1206314012,Tampakan,Danlag
TAMPAKAN,KIPALBIG,MATCHED,EXACT_NORMALIZED,1.0,158.0,1206314002,Tampakan,Kipalbig
TAMPAKAN,LAMBAYONG,MATCHED,EXACT_NORMALIZED,1.0,159.0,1206314003,Tampakan,Lambayong
TAMPAKAN,LAMPITAK,MATCHED,EXACT_NORMALIZED,1.0,165.0,1206314009,Tampakan,Lampitak
TAMPAKAN,LIBERTY,MATCHED,EXACT_NORMALIZED,1.0,160.0,1206314004,Tampakan,Liberty
TAMPAKAN,MALTANA,MATCHED,EXACT_NORMALIZED,1.0,161.0,1206314005,Tampakan,Maltana
TAMPAKAN,PALO,MATCHED,EXACT_NORMALIZED,1.0,166.0,1206314010,Tampakan,Palo
TAMPAKAN,POBLACION,MATCHED,EXACT_NORMALIZED,1.0,162.0,1206314006,Tampakan,Poblacion
TAMPAKAN,PULA-BATO,MATCHED,EXACT_NORMALIZED,1.0,167.0,1206314011,Tampakan,Pula-bato
TAMPAKAN,SAN ISIDRO,MATCHED,EXACT_NORMALIZED,1.0,169.0,1206314013,Tampakan,San Isidro
TAMPAKAN,SANTA CRUZ,MATCHED,EXACT_NORMALIZED,1.0,170.0,1206314014,Tampakan,Santa Cruz
TAMPAKAN,TABLU,MATCHED,EXACT_NORMALIZED,1.0,163.0,1206314007,Tampakan,Tablu
TBOLI,AFLEK,MATCHED,EXACT_NORMALIZED,1.0,148.0,1206316024,T'Boli,Aflek
TBOLI,AFUS,MATCHED,EXACT_NORMALIZED,1.0,141.0,1206316017,T'Boli,Afus
TBOLI,BASAG,MATCHED,EXACT_NORMALIZED,1.0,132.0,1206316001,T'Boli,Basag
TBOLI,DATAL BOB,MATCHED,EXACT_NORMALIZED,1.0,149.0,1206316025,T'Boli,Datal Bob
TBOLI,DESAWO,MATCHED,EXACT_NORMALIZED,1.0,150.0,1206316026,T'Boli,Desawo
TBOLI,DLANAG,MATCHED,EXACT_NORMALIZED,1.0,151.0,1206316027,T'Boli,Dlanag
TBOLI,EDWARDS POB.,MATCHED,EXACT_NORMALIZED,1.0,133.0,1206316002,T'Boli,Edwards
TBOLI,KEMATU,MATCHED,EXACT_NORMALIZED,1.0,134.0,1206316004,T'Boli,Kematu
TBOLI,LACONON,MATCHED,EXACT_NORMALIZED,1.0,135.0,1206316005,T'Boli,Laconon
TBOLI,LAMBANGAN,MATCHED,EXACT_NORMALIZED,1.0,139.0,1206316014,T'Boli,Lambangan
TBOLI,LAMBULING,MATCHED,EXACT_NORMALIZED,1.0,142.0,1206316018,T'Boli,Lambuling
TBOLI,LAMHAKO,MATCHED,EXACT_NORMALIZED,1.0,143.0,1206316019,T'Boli,Lamhako
TBOLI,LAMSALOME,MATCHED,EXACT_NORMALIZED,1.0,136.0,1206316008,T'Boli,Lamsalome
TBOLI,LEMSNOLON,MATCHED,EXACT_NORMALIZED,1.0,152.0,1206316028,T'Boli,Lemsnolon
TBOLI,MAAN,MATCHED,EXACT_NORMALIZED,1.0,140.0,1206316016,T'Boli,Maan
TBOLI,MALUGONG,MATCHED,EXACT_NORMALIZED,1.0,153.0,1206316029,T'Boli,Malugong
TBOLI,MONGOCAYO,MATCHED,EXACT_NORMALIZED,1.0,154.0,1206316030,T'Boli,Mongocayo
TBOLI,NEW DUMANGAS,MATCHED,EXACT_NORMALIZED,1.0,137.0,1206316011,T'Boli,New Dumangas
TBOLI,POBLACION,MATCHED,EXACT_NORMALIZED,1.0,144.0,1206316020,T'Boli,Poblacion
TBOLI,SALACAFE,MATCHED,EXACT_NORMALIZED,1.0,155.0,1206316031,T'Boli,Salacafe
TBOLI,SINOLON,MATCHED,EXACT_NORMALIZED,1.0,138.0,1206316012,T'Boli,Sinolon
TBOLI,T'BOLOK,MATCHED,EXACT_NORMALIZED,1.0,156.0,1206316032,T'Boli,T'bolok
TBOLI,TALCON,MATCHED,EXACT_NORMALIZED,1.0,145.0,1206316021,T'Boli,Talcon
TBOLI,TALUFO,MATCHED,EXACT_NORMALIZED,1.0,146.0,1206316022,T'Boli,Talufo
TBOLI,TUDOK,MATCHED,EXACT_NORMALIZED,1.0,147.0,1206316023,T'Boli,Tudok
TUPI,ACMONAN,MATCHED,EXACT_NORMALIZED,1.0,184.0,1206317001,Tupi,Acmonan
TUPI,BOLOLMALA,MATCHED,EXACT_NORMALIZED,1.0,185.0,1206317002,Tupi,Bololmala
TUPI,BUNAO,MATCHED,EXACT_NORMALIZED,1.0,186.0,1206317003,Tupi,Bunao
TUPI,CEBUANO,MATCHED,EXACT_NORMALIZED,1.0,187.0,1206317004,Tupi,Cebuano
TUPI,CROSSING RUBBER,MATCHED,EXACT_NORMALIZED,1.0,188.0,1206317005,Tupi,Crossing Rubber
TUPI,KABLON,MATCHED,EXACT_NORMALIZED,1.0,189.0,1206317006,Tupi,Kablon
TUPI,KALKAM,MATCHED,EXACT_NORMALIZED,1.0,190.0,1206317007,Tupi,Kalkam
TUPI,LINAN,MATCHED,EXACT_NORMALIZED,1.0,191.0,1206317009,Tupi,Linan
TUPI,LUNEN,MATCHED,EXACT_NORMALIZED,1.0,192.0,1206317010,Tupi,Lunen
TUPI,MIASONG,MATCHED,EXACT_NORMALIZED,1.0,193.0,1206317011,Tupi,Miasong
TUPI,PALIAN,MATCHED,EXACT_NORMALIZED,1.0,194.0,1206317012,Tupi,Palian
TUPI,POBLACION,MATCHED,EXACT_NORMALIZED,1.0,195.0,1206317013,Tupi,Poblacion
TUPI,POLONULING,MATCHED,EXACT_NORMALIZED,1.0,196.0,1206317014,Tupi,Polonuling
TUPI,SIMBO,MATCHED,EXACT_NORMALIZED,1.0,197.0,1206317015,Tupi,Simbo
TUPI,TUBENG,MATCHED,EXACT_NORMALIZED,1.0,198.0,1206317016,Tupi,Tubeng
