SOURCE_NODE_ID,TARGET_NODE_ID,SOURCE_PSGC,TARGET_PSGC,SOURCE_BARANGAY,TARGET_BARANGAY,DISTANCE_KM,EDGE_TYPE
0,2,1206302002,1206302004,Benitez,Cabuling,2.3836471283522487,QUEEN_CONTIGUITY
0,5,1206302002,1206302007,Benitez,El Nonok,3.6051991287725667,QUEEN_CONTIGUITY
0,6,1206302002,1206302008,Benitez,Improgo Village,1.5426865861446601,QUEEN_CONTIGUITY
0,12,1206302002,1206302014,Benitez,Liwanay,3.057545871718159,QUEEN_CONTIGUITY
0,15,1206302002,1206302017,Benitez,Rang-ay,2.667863626021311,QUEEN_CONTIGUITY
0,18,1206302002,1206302020,Benitez,Rizal Poblacion,2.1280716278935268,QUEEN_CONTIGUITY
0,21,1206302002,1206302024,Benitez,Yangco Poblacion,1.187502504507365,QUEEN_CONTIGUITY
1,7,1206302003,1206302009,Cabudian,Kusan,4.0405162473965275,QUEEN_CONTIGUITY
1,14,1206302003,1206302016,Cabudian,Punong Grande,1.9213682437356707,QUEEN_CONTIGUITY
1,17,1206302003,1206302019,Cabudian,Rizal,1.7629612646105428,QUEEN_CONTIGUITY
1,113,1206302003,1206318009,Cabudian,Teresita,2.972359041543934,QUEEN_CONTIGUITY
2,3,1206302004,1206302005,Cabuling,Cinco,2.3803547914444265,QUEEN_CONTIGUITY
2,12,1206302004,1206302014,Cabuling,Liwanay,3.575257358995305,QUEEN_CONTIGUITY
2,15,1206302004,1206302017,Cabuling,Rang-ay,1.9199087294682107,QUEEN_CONTIGUITY
2,19,1206302004,1206302021,Cabuling,San Jose,2.896778253524041,QUEEN_CONTIGUITY
3,12,1206302005,1206302014,Cinco,Liwanay,2.4764841239340107,QUEEN_CONTIGUITY
3,19,1206302005,1206302021,Cinco,San Jose,3.376712278223908,QUEEN_CONTIGUITY
3,116,1206302005,1206313003,Cinco,Centrala,5.354819902046587,QUEEN_CONTIGUITY
3,124,1206302005,1206313019,Cinco,Libertad,3.6851031734624566,QUEEN_CONTIGUITY
3,127,1206302005,1206313024,Cinco,Naci,4.6681410081515065,QUEEN_CONTIGUITY
4,8,1206302006,1206302010,Derilon,Lam-Apos,2.735662177105678,QUEEN_CONTIGUITY
4,9,1206302006,1206302011,Derilon,Lamba,5.394384075271131,QUEEN_CONTIGUITY
4,10,1206302006,1206302012,Derilon,Lambingi,2.2570370636165293,QUEEN_CONTIGUITY
4,122,1206302006,1206313017,Derilon,Lamian,1.626161525682608,QUEEN_CONTIGUITY
5,6,1206302007,1206302008,El Nonok,Improgo Village,3.473215094097389,QUEEN_CONTIGUITY
5,9,1206302007,1206302011,El Nonok,Lamba,7.169093677174869,QUEEN_CONTIGUITY
5,15,1206302007,1206302017,El Nonok,Rang-ay,2.1483989954035168,QUEEN_CONTIGUITY
5,16,1206302007,1206302018,El Nonok,Reyes,4.444598513123308,QUEEN_CONTIGUITY
5,19,1206302007,1206302021,El Nonok,San Jose,5.877983691646221,QUEEN_CONTIGUITY
5,20,1206302007,1206302022,El Nonok,San Vicente,4.522743406694287,QUEEN_CONTIGUITY
5,21,1206302007,1206302024,El Nonok,Yangco Poblacion,3.6409944102414853,QUEEN_CONTIGUITY
5,22,1206302007,1206306001,El Nonok,Assumption,3.996877773317039,QUEEN_CONTIGUITY
5,32,1206302007,1206306011,El Nonok,Mambucal,4.542510509871767,QUEEN_CONTIGUITY
5,36,1206302007,1206306015,El Nonok,Paraiso,7.779846443332855,QUEEN_CONTIGUITY
5,47,1206302007,1206306026,El Nonok,Sarabia,6.367960325222472,QUEEN_CONTIGUITY
6,16,1206302008,1206302018,Improgo Village,Reyes,1.4193726846648307,QUEEN_CONTIGUITY
6,21,1206302008,1206302024,Improgo Village,Yangco Poblacion,0.42139327227048234,QUEEN_CONTIGUITY
7,12,1206302009,1206302014,Kusan,Liwanay,2.2857807514107384,QUEEN_CONTIGUITY
7,14,1206302009,1206302016,Kusan,Punong Grande,4.3384736575437035,QUEEN_CONTIGUITY
7,18,1206302009,1206302020,Kusan,Rizal Poblacion,3.3197580254933,QUEEN_CONTIGUITY
7,113,1206302009,1206318009,Kusan,Teresita,5.360895825875834,QUEEN_CONTIGUITY
7,118,1206302009,1206313005,Kusan,Dajay,3.271408350203735,QUEEN_CONTIGUITY
8,9,1206302010,1206302011,Lam-Apos,Lamba,6.7007942378933585,QUEEN_CONTIGUITY
8,10,1206302010,1206302012,Lam-Apos,Lambingi,2.8452354423132387,QUEEN_CONTIGUITY
8,11,1206302010,1206302013,Lam-Apos,Lampari,2.521046315425798,QUEEN_CONTIGUITY
8,47,1206302010,1206306026,Lam-Apos,Sarabia,7.8702405674096605,QUEEN_CONTIGUITY
8,192,1206302010,1206317010,Lam-Apos,Lunen,2.426640977875742,QUEEN_CONTIGUITY
8,198,1206302010,1206317016,Lam-Apos,Tubeng,2.926816341259992,QUEEN_CONTIGUITY
9,10,1206302011,1206302012,Lamba,Lambingi,7.645564219058554,QUEEN_CONTIGUITY
9,15,1206302011,1206302017,Lamba,Rang-ay,5.652354786987598,QUEEN_CONTIGUITY
9,19,1206302011,1206302021,Lamba,San Jose,2.955123184313993,QUEEN_CONTIGUITY
9,47,1206302011,1206306026,Lamba,Sarabia,4.095848112999312,QUEEN_CONTIGUITY
9,121,1206302011,1206313014,Lamba,Lambontong,5.830623282893151,QUEEN_CONTIGUITY
9,122,1206302011,1206313017,Lamba,Lamian,5.605912823524464,QUEEN_CONTIGUITY
9,127,1206302011,1206313024,Lamba,Naci,5.52918636118044,QUEEN_CONTIGUITY
10,11,1206302012,1206302013,Lambingi,Lampari,2.6722123703615845,QUEEN_CONTIGUITY
10,122,1206302012,1206313017,Lambingi,Lamian,2.9154747349804015,QUEEN_CONTIGUITY
10,136,1206302012,1206316008,Lambingi,Lamsalome,6.5404282264476175,QUEEN_CONTIGUITY
10,146,1206302012,1206316022,Lambingi,Talufo,4.038370688188728,QUEEN_CONTIGUITY
10,192,1206302012,1206317010,Lambingi,Lunen,4.591298263695616,QUEEN_CONTIGUITY
11,136,1206302013,1206316008,Lampari,Lamsalome,4.604338978201346,QUEEN_CONTIGUITY
11,146,1206302013,1206316022,Lampari,Talufo,3.420549468478486,QUEEN_CONTIGUITY
11,192,1206302013,1206317010,Lampari,Lunen,2.533179118341558,QUEEN_CONTIGUITY
12,18,1206302014,1206302020,Liwanay,Rizal Poblacion,2.945516857753885,QUEEN_CONTIGUITY
12,116,1206302014,1206313003,Liwanay,Centrala,6.399146384691719,QUEEN_CONTIGUITY
12,118,1206302014,1206313005,Liwanay,Dajay,4.747572493175342,QUEEN_CONTIGUITY
12,124,1206302014,1206313019,Liwanay,Libertad,2.4202918607236885,QUEEN_CONTIGUITY
13,14,1206302015,1206302016,Malaya,Punong Grande,5.976219425930296,QUEEN_CONTIGUITY
13,17,1206302015,1206302019,Malaya,Rizal,6.35428114900276,QUEEN_CONTIGUITY
13,20,1206302015,1206302022,Malaya,San Vicente,4.534671872129272,QUEEN_CONTIGUITY
13,33,1206302015,1206306012,Malaya,Morales,7.410114881541112,QUEEN_CONTIGUITY
13,36,1206302015,1206306015,Malaya,Paraiso,5.498461669721151,QUEEN_CONTIGUITY
13,76,1206302015,1206311014,Malaya,Puti,6.363634336795961,QUEEN_CONTIGUITY
13,78,1206302015,1206311017,Malaya,San Miguel,5.177247016811678,QUEEN_CONTIGUITY
13,174,1206302015,1206315004,Malaya,Libas,3.2254441930865214,QUEEN_CONTIGUITY
13,176,1206302015,1206315006,Malaya,Maibo,7.0781449185718674,QUEEN_CONTIGUITY
13,181,1206302015,1206315011,Malaya,San Felipe,6.789420134521286,QUEEN_CONTIGUITY
13,183,1206302015,1206315013,Malaya,Tinongcop,3.2792641914362846,QUEEN_CONTIGUITY
14,16,1206302016,1206302018,Punong Grande,Reyes,2.5981948227537717,QUEEN_CONTIGUITY
14,17,1206302016,1206302019,Punong Grande,Rizal,3.0672899350739122,QUEEN_CONTIGUITY
14,18,1206302016,1206302020,Punong Grande,Rizal Poblacion,2.6142390159094346,QUEEN_CONTIGUITY
14,20,1206302016,1206302022,Punong Grande,San Vicente,5.0754483560068016,QUEEN_CONTIGUITY
15,19,1206302017,1206302021,Rang-ay,San Jose,3.8433183628241934,QUEEN_CONTIGUITY
15,47,1206302017,1206306026,Rang-ay,Sarabia,6.104647780875333,QUEEN_CONTIGUITY
16,18,1206302018,1206302020,Reyes,Rizal Poblacion,2.0777693385004685,QUEEN_CONTIGUITY
16,20,1206302018,1206302022,Reyes,San Vicente,3.215831427433468,QUEEN_CONTIGUITY
16,21,1206302018,1206302024,Reyes,Yangco Poblacion,1.6942222305282468,QUEEN_CONTIGUITY
17,78,1206302019,1206311017,Rizal,San Miguel,4.868185873091593,QUEEN_CONTIGUITY
17,107,1206302019,1206318003,Rizal,Katipunan,3.137203417365806,QUEEN_CONTIGUITY
17,113,1206302019,1206318009,Rizal,Teresita,2.686543193023185,QUEEN_CONTIGUITY
18,21,1206302020,1206302024,Rizal Poblacion,Yangco Poblacion,1.6319846290509077,QUEEN_CONTIGUITY
19,47,1206302021,1206306026,San Jose,Sarabia,5.972188884704115,QUEEN_CONTIGUITY
19,121,1206302021,1206313014,San Jose,Lambontong,6.619330220981722,QUEEN_CONTIGUITY
19,127,1206302021,1206313024,San Jose,Naci,4.1865126635674645,QUEEN_CONTIGUITY
20,32,1206302022,1206306011,San Vicente,Mambucal,4.265148678782944,QUEEN_CONTIGUITY
20,36,1206302022,1206306015,San Vicente,Paraiso,4.64566773739315,QUEEN_CONTIGUITY
22,26,1206306001,1206306005,Assumption,Carpenter Hill,3.4592141783612997,QUEEN_CONTIGUITY
22,32,1206306001,1206306011,Assumption,Mambucal,2.9555858449350496,QUEEN_CONTIGUITY
22,42,1206306001,1206306021,Assumption,San Isidro,2.8186217917929777,QUEEN_CONTIGUITY
22,47,1206306001,1206306026,Assumption,Sarabia,5.6570883251144535,QUEEN_CONTIGUITY
23,30,1206306002,1206306009,Avanceña,Mabini,7.966458847293675,QUEEN_CONTIGUITY
23,34,1206306002,1206306013,Avanceña,Namnama,2.036901588349147,QUEEN_CONTIGUITY
23,41,1206306002,1206306020,Avanceña,Rotonda,2.8847879115194717,QUEEN_CONTIGUITY
23,43,1206306002,1206306022,Avanceña,San Jose,4.19510808311923,QUEEN_CONTIGUITY
24,28,1206306003,1206306007,Cacub,Esperanza,5.936477277463529,QUEEN_CONTIGUITY
24,30,1206306003,1206306009,Cacub,Mabini,2.388828280164104,QUEEN_CONTIGUITY
24,48,1206306003,1206306027,Cacub,Zulueta,5.345216192662794,QUEEN_CONTIGUITY
24,164,1206306003,1206314008,Cacub,Buto,5.07332512647393,QUEEN_CONTIGUITY
25,29,1206306004,1206306008,Caloocan,General Paulino Santos,2.4255630827024963,QUEEN_CONTIGUITY
25,33,1206306004,1206306012,Caloocan,Morales,1.706568902414804,QUEEN_CONTIGUITY
25,34,1206306004,1206306013,Caloocan,Namnama,3.1095100321559968,QUEEN_CONTIGUITY
25,37,1206306004,1206306016,Caloocan,Zone I,2.1028367282068388,QUEEN_CONTIGUITY
25,179,1206306004,1206315009,Caloocan,New Lambunao,2.242133304446541,QUEEN_CONTIGUITY
25,181,1206306004,1206315011,Caloocan,San Felipe,2.7948977908421595,QUEEN_CONTIGUITY
26,27,1206306005,1206306006,Carpenter Hill,Concepcion,2.508702612016007,QUEEN_CONTIGUITY
26,39,1206306005,1206306018,Carpenter Hill,Zone III,4.310044526739263,QUEEN_CONTIGUITY
26,42,1206306005,1206306021,Carpenter Hill,San Isidro,2.3210393099888895,QUEEN_CONTIGUITY
26,44,1206306005,1206306023,Carpenter Hill,San Roque,3.9881514440385297,QUEEN_CONTIGUITY
26,47,1206306005,1206306026,Carpenter Hill,Sarabia,7.235021633083788,QUEEN_CONTIGUITY
27,31,1206306006,1206306010,Concepcion,Magsaysay,2.4056232207511914,QUEEN_CONTIGUITY
27,35,1206306006,1206306014,Concepcion,New Pangasinan,2.696787446486686,QUEEN_CONTIGUITY
27,39,1206306006,1206306018,Concepcion,Zone III,4.5282669798151955,QUEEN_CONTIGUITY
27,44,1206306006,1206306023,Concepcion,San Roque,3.2697573798030057,QUEEN_CONTIGUITY
27,46,1206306006,1206306025,Concepcion,Santo Niño,3.6069319879695003,QUEEN_CONTIGUITY
28,30,1206306007,1206306009,Esperanza,Mabini,5.987565539869223,QUEEN_CONTIGUITY
28,35,1206306007,1206306014,Esperanza,New Pangasinan,2.2121610107028924,QUEEN_CONTIGUITY
28,41,1206306007,1206306020,Esperanza,Rotonda,2.8164705451737855,QUEEN_CONTIGUITY
28,48,1206306007,1206306027,Esperanza,Zulueta,3.0071981873986235,QUEEN_CONTIGUITY
29,34,1206306008,1206306013,General Paulino Santos,Namnama,1.3177981270645251,QUEEN_CONTIGUITY
29,37,1206306008,1206306016,General Paulino Santos,Zone I,1.9878543563746305,QUEEN_CONTIGUITY
29,38,1206306008,1206306017,General Paulino Santos,Zone II,1.7753627194444472,QUEEN_CONTIGUITY
29,46,1206306008,1206306025,General Paulino Santos,Santo Niño,2.2871460561330954,QUEEN_CONTIGUITY
30,41,1206306009,1206306020,Mabini,Rotonda,6.632201975275759,QUEEN_CONTIGUITY
30,43,1206306009,1206306022,Mabini,San Jose,3.828553010238523,QUEEN_CONTIGUITY
31,35,1206306010,1206306014,Magsaysay,New Pangasinan,3.141573611257722,QUEEN_CONTIGUITY
31,44,1206306010,1206306023,Magsaysay,San Roque,2.5608221228726586,QUEEN_CONTIGUITY
31,48,1206306010,1206306027,Magsaysay,Zulueta,3.350067119438117,QUEEN_CONTIGUITY
31,170,1206306010,1206314014,Magsaysay,Santa Cruz,2.5756844712235454,QUEEN_CONTIGUITY
32,36,1206306011,1206306015,Mambucal,Paraiso,4.055044706473699,QUEEN_CONTIGUITY
32,42,1206306011,1206306021,Mambucal,San Isidro,2.676536762004812,QUEEN_CONTIGUITY
32,45,1206306011,1206306024,Mambucal,Santa Cruz,2.3256928255928324,QUEEN_CONTIGUITY
33,36,1206306012,1206306015,Morales,Paraiso,2.5284248586729245,QUEEN_CONTIGUITY
33,37,1206306012,1206306016,Morales,Zone I,1.792749312687509,QUEEN_CONTIGUITY
33,40,1206306012,1206306019,Morales,Zone IV,2.0767791195071346,QUEEN_CONTIGUITY
33,181,1206306012,1206315011,Morales,San Felipe,2.1433197536458466,QUEEN_CONTIGUITY
34,41,1206306013,1206306020,Namnama,Rotonda,2.81345292759323,QUEEN_CONTIGUITY
34,46,1206306013,1206306025,Namnama,Santo Niño,2.8846996428838163,QUEEN_CONTIGUITY
35,41,1206306014,1206306020,New Pangasinan,Rotonda,2.777856031990587,QUEEN_CONTIGUITY
35,46,1206306014,1206306025,New Pangasinan,Santo Niño,3.107566753244042,QUEEN_CONTIGUITY
35,48,1206306014,1206306027,New Pangasinan,Zulueta,4.466485624938716,QUEEN_CONTIGUITY
36,40,1206306015,1206306019,Paraiso,Zone IV,2.344267425293836,QUEEN_CONTIGUITY
36,45,1206306015,1206306024,Paraiso,Santa Cruz,3.112958033243272,QUEEN_CONTIGUITY
36,181,1206306015,1206315011,Paraiso,San Felipe,3.5618022679931576,QUEEN_CONTIGUITY
36,183,1206306015,1206315013,Paraiso,Tinongcop,3.027138050546017,QUEEN_CONTIGUITY
37,38,1206306016,1206306017,Zone I,Zone II,1.2154714493297654,QUEEN_CONTIGUITY
37,39,1206306016,1206306018,Zone I,Zone III,2.246297755249371,QUEEN_CONTIGUITY
37,40,1206306016,1206306019,Zone I,Zone IV,1.1792281576097088,QUEEN_CONTIGUITY
38,39,1206306017,1206306018,Zone II,Zone III,1.176866380154509,QUEEN_CONTIGUITY
38,40,1206306017,1206306019,Zone II,Zone IV,1.6664901877560856,QUEEN_CONTIGUITY
38,46,1206306017,1206306025,Zone II,Santo Niño,1.9397997148222268,QUEEN_CONTIGUITY
39,40,1206306018,1206306019,Zone III,Zone IV,2.118032065938665,QUEEN_CONTIGUITY
39,42,1206306018,1206306021,Zone III,San Isidro,2.6616451865825304,QUEEN_CONTIGUITY
39,45,1206306018,1206306024,Zone III,Santa Cruz,1.7229585399915897,QUEEN_CONTIGUITY
39,46,1206306018,1206306025,Zone III,Santo Niño,1.7623923294451334,QUEEN_CONTIGUITY
40,45,1206306019,1206306024,Zone IV,Santa Cruz,1.726767298123815,QUEEN_CONTIGUITY
41,43,1206306020,1206306022,Rotonda,San Jose,3.6839306076913236,NEAREST_FALLBACK
41,46,1206306020,1206306025,Rotonda,Santo Niño,3.890794522366483,QUEEN_CONTIGUITY
42,45,1206306021,1206306024,San Isidro,Santa Cruz,2.546622121657629,QUEEN_CONTIGUITY
44,47,1206306023,1206306026,San Roque,Sarabia,8.282555649318574,QUEEN_CONTIGUITY
44,158,1206306023,1206314002,San Roque,Kipalbig,5.715296263590489,QUEEN_CONTIGUITY
44,162,1206306023,1206314006,San Roque,Poblacion,3.0283116817177542,QUEEN_CONTIGUITY
44,170,1206306023,1206314014,San Roque,Santa Cruz,3.684629546334545,QUEEN_CONTIGUITY
47,158,1206306026,1206314002,Sarabia,Kipalbig,10.422001840849534,QUEEN_CONTIGUITY
47,185,1206306026,1206317002,Sarabia,Bololmala,8.201713988873253,QUEEN_CONTIGUITY
47,194,1206306026,1206317012,Sarabia,Palian,5.585048263930776,QUEEN_CONTIGUITY
47,198,1206306026,1206317016,Sarabia,Tubeng,5.20132390528463,QUEEN_CONTIGUITY
48,164,1206306027,1206314008,Zulueta,Buto,4.330774338810982,QUEEN_CONTIGUITY
48,170,1206306027,1206314014,Zulueta,Santa Cruz,2.281154928775633,QUEEN_CONTIGUITY
49,54,1206319001,1206319006,Bacdulong,Lake Lahit,3.1570180630239526,QUEEN_CONTIGUITY
49,60,1206319001,1206319012,Bacdulong,Luhib,4.529144555567903,QUEEN_CONTIGUITY
49,62,1206319001,1206319014,Bacdulong,Poblacion,2.360323044123237,QUEEN_CONTIGUITY
49,65,1206319001,1206319017,Bacdulong,Takunel,7.7214549622499895,QUEEN_CONTIGUITY
49,67,1206319001,1206319019,Bacdulong,Tasiman,11.910114010733322,QUEEN_CONTIGUITY
50,53,1206319002,1206319005,Denlag,Klubi,4.045750734622407,QUEEN_CONTIGUITY
50,55,1206319002,1206319007,Denlag,Lamcade,4.1671941229603595,QUEEN_CONTIGUITY
50,58,1206319002,1206319010,Denlag,Lamlahak,8.63781030045587,QUEEN_CONTIGUITY
50,135,1206319002,1206316005,Denlag,Laconon,7.519652354471127,QUEEN_CONTIGUITY
50,137,1206319002,1206316011,Denlag,New Dumangas,6.508818732089634,QUEEN_CONTIGUITY
51,55,1206319003,1206319007,Halilan,Lamcade,2.2709003889684336,QUEEN_CONTIGUITY
51,56,1206319003,1206319008,Halilan,Lamdalag,4.822278198789902,QUEEN_CONTIGUITY
51,63,1206319003,1206319015,Halilan,Siluton,4.820333906192712,QUEEN_CONTIGUITY
51,66,1206319003,1206319018,Halilan,Upper Maculan,2.742750313228904,QUEEN_CONTIGUITY
51,137,1206319003,1206316011,Halilan,New Dumangas,3.348015895492875,QUEEN_CONTIGUITY
52,54,1206319004,1206319006,Hanoon,Lake Lahit,4.794059143218556,QUEEN_CONTIGUITY
52,59,1206319004,1206319011,Hanoon,Lower Maculan,3.62535912431141,QUEEN_CONTIGUITY
52,64,1206319004,1206319016,Hanoon,Talisay,4.191773873430525,QUEEN_CONTIGUITY
52,66,1206319004,1206319018,Hanoon,Upper Maculan,4.4999770718914505,QUEEN_CONTIGUITY
52,115,1206319004,1206313002,Hanoon,Buenavista,3.8427339388169726,QUEEN_CONTIGUITY
52,120,1206319004,1206313008,Hanoon,Canahay,3.3295999376245584,QUEEN_CONTIGUITY
52,123,1206319004,1206313018,Hanoon,Lamsugod,6.347245198033394,QUEEN_CONTIGUITY
52,125,1206319004,1206313020,Hanoon,Little Baguio,4.55883807319821,QUEEN_CONTIGUITY
52,129,1206319004,1206313030,Hanoon,Tubiala,3.934987608891123,QUEEN_CONTIGUITY
52,131,1206319004,1206313032,Hanoon,Veterans,6.011217939289749,QUEEN_CONTIGUITY
52,138,1206319004,1206316012,Hanoon,Sinolon,8.682639209871759,QUEEN_CONTIGUITY
53,55,1206319005,1206319007,Klubi,Lamcade,6.040033740990847,QUEEN_CONTIGUITY
53,56,1206319005,1206319008,Klubi,Lamdalag,4.625912332669181,QUEEN_CONTIGUITY
53,58,1206319005,1206319010,Klubi,Lamlahak,4.719221398277761,QUEEN_CONTIGUITY
54,60,1206319006,1206319012,Lake Lahit,Luhib,3.9958281290818585,QUEEN_CONTIGUITY
54,62,1206319006,1206319014,Lake Lahit,Poblacion,2.0397410634441626,QUEEN_CONTIGUITY
54,63,1206319006,1206319015,Lake Lahit,Siluton,2.4998899836578374,QUEEN_CONTIGUITY
54,64,1206319006,1206319016,Lake Lahit,Talisay,2.335279171078206,QUEEN_CONTIGUITY
54,66,1206319006,1206319018,Lake Lahit,Upper Maculan,5.917171852385432,QUEEN_CONTIGUITY
55,56,1206319007,1206319008,Lamcade,Lamdalag,4.34008175447139,QUEEN_CONTIGUITY
55,137,1206319007,1206316011,Lamcade,New Dumangas,3.5551441426382913,QUEEN_CONTIGUITY
56,58,1206319008,1206319010,Lamdalag,Lamlahak,5.445757538707897,QUEEN_CONTIGUITY
56,62,1206319008,1206319014,Lamdalag,Poblacion,4.148064154915743,QUEEN_CONTIGUITY
56,63,1206319008,1206319015,Lamdalag,Siluton,4.305483461583302,QUEEN_CONTIGUITY
57,60,1206319009,1206319012,Lamfugon,Luhib,3.4256853486205454,QUEEN_CONTIGUITY
57,61,1206319009,1206319013,Lamfugon,Ned,14.97070801161305,QUEEN_CONTIGUITY
57,67,1206319009,1206319019,Lamfugon,Tasiman,12.342435175908134,QUEEN_CONTIGUITY
57,117,1206319009,1206313004,Lamfugon,Colongulo,7.632492431054056,QUEEN_CONTIGUITY
57,130,1206319009,1206313031,Lamfugon,Upper Sepaka,9.056940521204133,QUEEN_CONTIGUITY
58,62,1206319010,1206319014,Lamlahak,Poblacion,7.240800714787441,QUEEN_CONTIGUITY
58,65,1206319010,1206319017,Lamlahak,Takunel,4.460066500575863,QUEEN_CONTIGUITY
58,135,1206319010,1206316005,Lamlahak,Laconon,7.61813550094016,QUEEN_CONTIGUITY
59,66,1206319011,1206319018,Lower Maculan,Upper Maculan,3.5789540289318778,QUEEN_CONTIGUITY
59,133,1206319011,1206316002,Lower Maculan,Edwards,4.234980737125785,QUEEN_CONTIGUITY
59,137,1206319011,1206316011,Lower Maculan,New Dumangas,7.24389534393737,QUEEN_CONTIGUITY
59,138,1206319011,1206316012,Lower Maculan,Sinolon,5.193441738382369,QUEEN_CONTIGUITY
60,64,1206319012,1206319016,Luhib,Talisay,2.7261104105195284,QUEEN_CONTIGUITY
60,67,1206319012,1206319019,Luhib,Tasiman,14.505634793975137,QUEEN_CONTIGUITY
60,117,1206319012,1206313004,Luhib,Colongulo,5.3544915254517225,QUEEN_CONTIGUITY
60,125,1206319012,1206313020,Luhib,Little Baguio,4.553781428739531,QUEEN_CONTIGUITY
61,67,1206319013,1206319019,Ned,Tasiman,13.692657564681385,QUEEN_CONTIGUITY
61,130,1206319013,1206313031,Ned,Upper Sepaka,13.915413453681433,QUEEN_CONTIGUITY
62,63,1206319014,1206319015,Poblacion,Siluton,2.306570348347263,QUEEN_CONTIGUITY
62,65,1206319014,1206319017,Poblacion,Takunel,9.235856189406238,QUEEN_CONTIGUITY
63,66,1206319015,1206319018,Siluton,Upper Maculan,3.752764628238384,QUEEN_CONTIGUITY
64,117,1206319016,1206313004,Talisay,Colongulo,5.145305222352551,QUEEN_CONTIGUITY
64,125,1206319016,1206313020,Talisay,Little Baguio,3.4715493072319705,QUEEN_CONTIGUITY
65,67,1206319017,1206319019,Takunel,Tasiman,5.3858132126607385,QUEEN_CONTIGUITY
65,135,1206319017,1206316005,Takunel,Laconon,10.792713836727444,QUEEN_CONTIGUITY
66,137,1206319018,1206316011,Upper Maculan,New Dumangas,5.179924543326605,QUEEN_CONTIGUITY
68,70,1206311002,1206311006,Dumaguil,Kibid,2.057508201165977,QUEEN_CONTIGUITY
68,79,1206311002,1206311020,Dumaguil,Simsiman,2.114857909522003,QUEEN_CONTIGUITY
68,80,1206311002,1206311021,Dumaguil,Tinago,3.379232071834417,QUEEN_CONTIGUITY
69,73,1206311003,1206311009,Esperanza,Lopez Jaena,2.194637009166199,QUEEN_CONTIGUITY
69,75,1206311003,1206311013,Esperanza,Poblacion,2.9915851856138937,QUEEN_CONTIGUITY
69,106,1206311003,1206318002,Esperanza,Guinsang-an,1.864449221601258,QUEEN_CONTIGUITY
69,107,1206311003,1206318003,Esperanza,Katipunan,4.304682694377298,QUEEN_CONTIGUITY
69,112,1206311003,1206318008,Esperanza,San Vicente,3.222320854585496,QUEEN_CONTIGUITY
70,75,1206311006,1206311013,Kibid,Poblacion,2.8190092653532286,QUEEN_CONTIGUITY
70,79,1206311006,1206311020,Kibid,Simsiman,2.8456499328142963,QUEEN_CONTIGUITY
70,80,1206311006,1206311021,Kibid,Tinago,3.810155463548188,QUEEN_CONTIGUITY
70,81,1206311006,1206311022,Kibid,"Benigno Aquino, Jr.",1.6623695641917922,QUEEN_CONTIGUITY
71,72,1206311007,1206311008,Lapuz,Liberty,1.5985780785279993,QUEEN_CONTIGUITY
71,75,1206311007,1206311013,Lapuz,Poblacion,4.662618112867643,QUEEN_CONTIGUITY
71,109,1206311007,1206318005,Lapuz,Panay,4.008053427166225,NEAREST_FALLBACK
71,112,1206311007,1206318008,Lapuz,San Vicente,3.650276569287164,NEAREST_FALLBACK
72,74,1206311008,1206311011,Liberty,Matapol,3.8309888788715725,NEAREST_FALLBACK
72,75,1206311008,1206311013,Liberty,Poblacion,5.01532782103164,QUEEN_CONTIGUITY
72,77,1206311008,1206311016,Liberty,San Jose,2.4296658666133832,QUEEN_CONTIGUITY
73,75,1206311009,1206311013,Lopez Jaena,Poblacion,3.7867620815005916,QUEEN_CONTIGUITY
73,76,1206311009,1206311014,Lopez Jaena,Puti,5.135356788398392,QUEEN_CONTIGUITY
73,78,1206311009,1206311017,Lopez Jaena,San Miguel,3.093151898485954,QUEEN_CONTIGUITY
73,107,1206311009,1206318003,Lopez Jaena,Katipunan,3.0055477740658563,QUEEN_CONTIGUITY
74,77,1206311011,1206311016,Matapol,San Jose,1.418580976176395,QUEEN_CONTIGUITY
74,79,1206311011,1206311020,Matapol,Simsiman,2.95207187986365,QUEEN_CONTIGUITY
75,76,1206311013,1206311014,Poblacion,Puti,5.937530839535038,QUEEN_CONTIGUITY
75,77,1206311013,1206311016,Poblacion,San Jose,5.791953570803832,QUEEN_CONTIGUITY
75,79,1206311013,1206311020,Poblacion,Simsiman,4.5793069476387105,QUEEN_CONTIGUITY
75,81,1206311013,1206311022,Poblacion,"Benigno Aquino, Jr.",2.8465810058083476,QUEEN_CONTIGUITY
76,78,1206311014,1206311017,Puti,San Miguel,3.7087459534288048,QUEEN_CONTIGUITY
76,80,1206311014,1206311021,Puti,Tinago,3.7686218630964006,QUEEN_CONTIGUITY
76,81,1206311014,1206311022,Puti,"Benigno Aquino, Jr.",3.516527211916266,QUEEN_CONTIGUITY
76,171,1206311014,1206315001,Puti,Bukay Pait,6.46965583609942,QUEEN_CONTIGUITY
76,173,1206311014,1206315003,Puti,Dumadalig,4.862740939071312,QUEEN_CONTIGUITY
76,174,1206311014,1206315004,Puti,Libas,6.42743155151979,QUEEN_CONTIGUITY
76,176,1206311014,1206315006,Puti,Maibo,7.05896566187232,QUEEN_CONTIGUITY
77,79,1206311016,1206311020,San Jose,Simsiman,2.828681477513266,QUEEN_CONTIGUITY
78,107,1206311017,1206318003,San Miguel,Katipunan,3.475269520570554,QUEEN_CONTIGUITY
80,81,1206311021,1206311022,Tinago,"Benigno Aquino, Jr.",3.5493002599712997,QUEEN_CONTIGUITY
80,171,1206311021,1206315001,Tinago,Bukay Pait,6.40699133051622,QUEEN_CONTIGUITY
80,173,1206311021,1206315003,Tinago,Dumadalig,3.5345722739938554,QUEEN_CONTIGUITY
80,176,1206311021,1206315006,Tinago,Maibo,7.9607667258711095,QUEEN_CONTIGUITY
82,83,1206312001,1206312002,Bentung,Crossing Palkan,3.03421863261309,QUEEN_CONTIGUITY
82,87,1206312001,1206312006,Bentung,Koronadal Proper,1.6559396634062464,QUEEN_CONTIGUITY
82,99,1206312001,1206312020,Bentung,Sulit,2.178039740934542,QUEEN_CONTIGUITY
82,102,1206312001,1206312023,Bentung,Lapu,2.3924825216990135,QUEEN_CONTIGUITY
82,132,1206312001,1206316001,Bentung,Basag,8.597323300196184,QUEEN_CONTIGUITY
82,148,1206312001,1206316024,Bentung,Aflek,4.224775950242762,QUEEN_CONTIGUITY
83,87,1206312002,1206312006,Crossing Palkan,Koronadal Proper,2.8306449887188734,QUEEN_CONTIGUITY
83,88,1206312002,1206312007,Crossing Palkan,Lam-Caliaf,5.156226413583177,QUEEN_CONTIGUITY
83,92,1206312002,1206312013,Crossing Palkan,Palkan,8.059075661306256,QUEEN_CONTIGUITY
83,99,1206312002,1206312020,Crossing Palkan,Sulit,3.6587119112298727,QUEEN_CONTIGUITY
83,100,1206312002,1206312021,Crossing Palkan,Sumbakil,3.218642423817826,QUEEN_CONTIGUITY
83,189,1206312002,1206317006,Crossing Palkan,Kablon,5.718090516192268,QUEEN_CONTIGUITY
83,196,1206312002,1206317014,Crossing Palkan,Polonuling,4.93410205206498,QUEEN_CONTIGUITY
84,95,1206312003,1206312016,Glamang,Magsaysay,4.481291960417295,QUEEN_CONTIGUITY
84,96,1206312003,1206312017,Glamang,Rubber,6.080666463488055,QUEEN_CONTIGUITY
84,97,1206312003,1206312018,Glamang,Silway 7,3.6569190988770988,QUEEN_CONTIGUITY
84,98,1206312003,1206312019,Glamang,Silway 8,3.029119300061727,QUEEN_CONTIGUITY
84,132,1206312003,1206316001,Glamang,Basag,9.904304423520358,QUEEN_CONTIGUITY
85,88,1206312004,1206312007,Kinilis,Lam-Caliaf,6.635872480311635,QUEEN_CONTIGUITY
85,89,1206312004,1206312008,Kinilis,Landan,7.525725990048165,QUEEN_CONTIGUITY
85,91,1206312004,1206312011,Kinilis,Maligo,6.990774288127554,QUEEN_CONTIGUITY
85,92,1206312004,1206312013,Kinilis,Palkan,2.855203687995771,QUEEN_CONTIGUITY
85,94,1206312004,1206312015,Kinilis,Polo,7.114764094525041,QUEEN_CONTIGUITY
85,103,1206312004,1206312024,Kinilis,Cannery Site,11.143152986450856,QUEEN_CONTIGUITY
85,189,1206312004,1206317006,Kinilis,Kablon,7.911347142755795,QUEEN_CONTIGUITY
85,193,1206312004,1206317011,Kinilis,Miasong,8.004230305182766,QUEEN_CONTIGUITY
86,97,1206312005,1206312018,Klinan 6,Silway 7,2.420536345998406,QUEEN_CONTIGUITY
86,98,1206312005,1206312019,Klinan 6,Silway 8,4.468378703150369,NEAREST_FALLBACK
86,101,1206312005,1206312022,Klinan 6,Upper Klinan,4.150897707540952,QUEEN_CONTIGUITY
87,100,1206312006,1206312021,Koronadal Proper,Sumbakil,1.2922358025168499,QUEEN_CONTIGUITY
87,148,1206312006,1206316024,Koronadal Proper,Aflek,4.480012427939802,QUEEN_CONTIGUITY
87,196,1206312006,1206317014,Koronadal Proper,Polonuling,4.412614868046212,QUEEN_CONTIGUITY
88,92,1206312007,1206312013,Lam-Caliaf,Palkan,4.999190043994879,QUEEN_CONTIGUITY
88,93,1206312007,1206312014,Lam-Caliaf,Poblacion,5.14199321978823,QUEEN_CONTIGUITY
88,94,1206312007,1206312015,Lam-Caliaf,Polo,5.628245557865304,QUEEN_CONTIGUITY
88,99,1206312007,1206312020,Lam-Caliaf,Sulit,5.157974647255835,QUEEN_CONTIGUITY
88,103,1206312007,1206312024,Lam-Caliaf,Cannery Site,6.5810041063216875,QUEEN_CONTIGUITY
88,104,1206312007,1206312025,Lam-Caliaf,Pagalungan,4.922367804805547,QUEEN_CONTIGUITY
89,91,1206312008,1206312011,Landan,Maligo,3.7671701554075674,QUEEN_CONTIGUITY
89,92,1206312008,1206312013,Landan,Palkan,10.211804367361651,QUEEN_CONTIGUITY
89,189,1206312008,1206317006,Landan,Kablon,15.33372569682541,QUEEN_CONTIGUITY
89,193,1206312008,1206317011,Landan,Miasong,12.541940977097223,QUEEN_CONTIGUITY
90,93,1206312009,1206312014,Lumakil,Poblacion,5.313538055176372,QUEEN_CONTIGUITY
90,95,1206312009,1206312016,Lumakil,Magsaysay,3.8498542558276587,QUEEN_CONTIGUITY
90,96,1206312009,1206312017,Lumakil,Rubber,1.7975583159014166,QUEEN_CONTIGUITY
90,99,1206312009,1206312020,Lumakil,Sulit,3.5987127003548127,QUEEN_CONTIGUITY
90,102,1206312009,1206312023,Lumakil,Lapu,1.866355298550011,QUEEN_CONTIGUITY
90,104,1206312009,1206312025,Lumakil,Pagalungan,3.6598347640519036,QUEEN_CONTIGUITY
90,132,1206312009,1206316001,Lumakil,Basag,6.161463092329331,QUEEN_CONTIGUITY
91,92,1206312011,1206312013,Maligo,Palkan,9.002141170842492,QUEEN_CONTIGUITY
91,94,1206312011,1206312015,Maligo,Polo,4.205541763087506,QUEEN_CONTIGUITY
91,101,1206312011,1206312022,Maligo,Upper Klinan,7.5019693286017075,QUEEN_CONTIGUITY
91,189,1206312011,1206317006,Maligo,Kablon,13.866354454592386,QUEEN_CONTIGUITY
91,193,1206312011,1206317011,Maligo,Miasong,13.979085092597366,QUEEN_CONTIGUITY
92,99,1206312013,1206312020,Palkan,Sulit,9.728468672690775,QUEEN_CONTIGUITY
92,189,1206312013,1206317006,Palkan,Kablon,5.122957746030475,QUEEN_CONTIGUITY
92,193,1206312013,1206317011,Palkan,Miasong,8.75408474719871,QUEEN_CONTIGUITY
92,196,1206312013,1206317014,Palkan,Polonuling,11.482992227129277,QUEEN_CONTIGUITY
93,95,1206312014,1206312016,Poblacion,Magsaysay,4.209591875977892,QUEEN_CONTIGUITY
93,98,1206312014,1206312019,Poblacion,Silway 8,5.294869048780421,QUEEN_CONTIGUITY
93,103,1206312014,1206312024,Poblacion,Cannery Site,2.7026357648363595,QUEEN_CONTIGUITY
93,104,1206312014,1206312025,Poblacion,Pagalungan,2.2890790416524855,QUEEN_CONTIGUITY
94,101,1206312015,1206312022,Polo,Upper Klinan,4.739225818212886,QUEEN_CONTIGUITY
94,103,1206312015,1206312024,Polo,Cannery Site,4.712698283610196,QUEEN_CONTIGUITY
95,96,1206312016,1206312017,Magsaysay,Rubber,2.225303723360145,QUEEN_CONTIGUITY
95,98,1206312016,1206312019,Magsaysay,Silway 8,2.9575088056254613,QUEEN_CONTIGUITY
96,132,1206312017,1206316001,Rubber,Basag,6.436536646713785,QUEEN_CONTIGUITY
97,98,1206312018,1206312019,Silway 7,Silway 8,2.7184819957961386,QUEEN_CONTIGUITY
97,101,1206312018,1206312022,Silway 7,Upper Klinan,5.692047947608502,QUEEN_CONTIGUITY
98,101,1206312019,1206312022,Silway 8,Upper Klinan,5.886057432017864,QUEEN_CONTIGUITY
98,103,1206312019,1206312024,Silway 8,Cannery Site,4.782374269772428,QUEEN_CONTIGUITY
99,102,1206312020,1206312023,Sulit,Lapu,2.443241691301434,QUEEN_CONTIGUITY
99,104,1206312020,1206312025,Sulit,Pagalungan,2.2950148642683583,QUEEN_CONTIGUITY
100,196,1206312021,1206317014,Sumbakil,Polonuling,3.1635946259032632,QUEEN_CONTIGUITY
101,103,1206312022,1206312024,Upper Klinan,Cannery Site,2.8517012275851026,QUEEN_CONTIGUITY
102,132,1206312023,1206316001,Lapu,Basag,6.812880574494473,QUEEN_CONTIGUITY
102,148,1206312023,1206316024,Lapu,Aflek,3.3860870517150077,QUEEN_CONTIGUITY
105,110,1206318001,1206318006,Ambalgan,Poblacion,2.857911688407418,QUEEN_CONTIGUITY
105,113,1206318001,1206318009,Ambalgan,Teresita,2.6131269481303057,QUEEN_CONTIGUITY
105,114,1206318001,1206318010,Ambalgan,Sajaneba,2.315328414646395,QUEEN_CONTIGUITY
106,107,1206318002,1206318003,Guinsang-an,Katipunan,3.5132213074202356,QUEEN_CONTIGUITY
106,108,1206318002,1206318004,Guinsang-an,Manuel Roxas,3.851067895286636,QUEEN_CONTIGUITY
106,111,1206318002,1206318007,Guinsang-an,San Isidro,3.075469252074074,QUEEN_CONTIGUITY
106,112,1206318002,1206318008,Guinsang-an,San Vicente,3.756597352959293,QUEEN_CONTIGUITY
107,111,1206318003,1206318007,Katipunan,San Isidro,2.830233595330475,QUEEN_CONTIGUITY
107,112,1206318003,1206318008,Katipunan,San Vicente,7.170141813536318,QUEEN_CONTIGUITY
107,113,1206318003,1206318009,Katipunan,Teresita,3.6260853437902516,QUEEN_CONTIGUITY
108,109,1206318004,1206318005,Manuel Roxas,Panay,4.111563748057433,QUEEN_CONTIGUITY
108,110,1206318004,1206318006,Manuel Roxas,Poblacion,4.190404966693334,QUEEN_CONTIGUITY
108,111,1206318004,1206318007,Manuel Roxas,San Isidro,4.243379745320052,QUEEN_CONTIGUITY
108,112,1206318004,1206318008,Manuel Roxas,San Vicente,4.581500963705575,QUEEN_CONTIGUITY
109,112,1206318005,1206318008,Panay,San Vicente,1.3915197832587622,QUEEN_CONTIGUITY
110,111,1206318006,1206318007,Poblacion,San Isidro,2.475867078924238,QUEEN_CONTIGUITY
110,114,1206318006,1206318010,Poblacion,Sajaneba,1.7692612022889358,QUEEN_CONTIGUITY
111,113,1206318007,1206318009,San Isidro,Teresita,2.9401016355153615,QUEEN_CONTIGUITY
111,114,1206318007,1206318010,San Isidro,Sajaneba,1.986744756329024,QUEEN_CONTIGUITY
113,114,1206318009,1206318010,Teresita,Sajaneba,1.6184703724976248,QUEEN_CONTIGUITY
113,118,1206318009,1206313005,Teresita,Dajay,6.1442542647138625,QUEEN_CONTIGUITY
115,116,1206313002,1206313003,Buenavista,Centrala,3.2319869664690293,QUEEN_CONTIGUITY
115,117,1206313002,1206313004,Buenavista,Colongulo,3.92012643895545,QUEEN_CONTIGUITY
115,120,1206313002,1206313008,Buenavista,Canahay,1.490393462944742,QUEEN_CONTIGUITY
115,129,1206313002,1206313030,Buenavista,Tubiala,3.2572069191885995,QUEEN_CONTIGUITY
116,117,1206313003,1206313004,Centrala,Colongulo,5.23240558367633,QUEEN_CONTIGUITY
116,118,1206313003,1206313005,Centrala,Dajay,6.1834262201861945,QUEEN_CONTIGUITY
116,124,1206313003,1206313019,Centrala,Libertad,4.919205703932458,QUEEN_CONTIGUITY
116,127,1206313003,1206313024,Centrala,Naci,3.831419971069894,QUEEN_CONTIGUITY
116,129,1206313003,1206313030,Centrala,Tubiala,4.474213112518006,QUEEN_CONTIGUITY
117,118,1206313004,1206313005,Colongulo,Dajay,7.1860661873561895,QUEEN_CONTIGUITY
117,120,1206313004,1206313008,Colongulo,Canahay,3.263357932279986,QUEEN_CONTIGUITY
117,125,1206313004,1206313020,Colongulo,Little Baguio,1.986870635087931,QUEEN_CONTIGUITY
117,126,1206313004,1206313023,Colongulo,Moloy,3.789982661748551,QUEEN_CONTIGUITY
117,130,1206313004,1206313031,Colongulo,Upper Sepaka,10.135130058156266,QUEEN_CONTIGUITY
118,119,1206313005,1206313006,Dajay,Duengas,3.1981522445267094,QUEEN_CONTIGUITY
118,124,1206313005,1206313019,Dajay,Libertad,2.6716293151855712,QUEEN_CONTIGUITY
118,126,1206313005,1206313023,Dajay,Moloy,4.859858359898254,QUEEN_CONTIGUITY
118,128,1206313005,1206313028,Dajay,Talahik,5.14121569399875,QUEEN_CONTIGUITY
119,126,1206313006,1206313023,Duengas,Moloy,1.88812261079679,QUEEN_CONTIGUITY
119,128,1206313006,1206313028,Duengas,Talahik,2.414108034260301,QUEEN_CONTIGUITY
120,125,1206313008,1206313020,Canahay,Little Baguio,1.71944628221802,QUEEN_CONTIGUITY
121,122,1206313014,1206313017,Lambontong,Lamian,2.308666209253402,QUEEN_CONTIGUITY
121,123,1206313014,1206313018,Lambontong,Lamsugod,2.016598236342647,QUEEN_CONTIGUITY
121,127,1206313014,1206313024,Lambontong,Naci,4.227770655747822,QUEEN_CONTIGUITY
122,123,1206313017,1206313018,Lamian,Lamsugod,4.227498937310326,QUEEN_CONTIGUITY
122,131,1206313017,1206313032,Lamian,Veterans,5.7138595271302375,QUEEN_CONTIGUITY
122,138,1206313017,1206316012,Lamian,Sinolon,4.655385620222041,QUEEN_CONTIGUITY
122,146,1206313017,1206316022,Lamian,Talufo,6.744018025096641,QUEEN_CONTIGUITY
123,127,1206313018,1206313024,Lamsugod,Naci,3.913138621526785,QUEEN_CONTIGUITY
123,129,1206313018,1206313030,Lamsugod,Tubiala,2.872118072823468,QUEEN_CONTIGUITY
123,131,1206313018,1206313032,Lamsugod,Veterans,3.7275907046071333,QUEEN_CONTIGUITY
126,128,1206313023,1206313028,Moloy,Talahik,2.8871202400086897,QUEEN_CONTIGUITY
126,130,1206313023,1206313031,Moloy,Upper Sepaka,7.614562823043671,QUEEN_CONTIGUITY
127,129,1206313024,1206313030,Naci,Tubiala,4.357068436333439,QUEEN_CONTIGUITY
128,130,1206313028,1206313031,Talahik,Upper Sepaka,6.06638451482979,QUEEN_CONTIGUITY
131,138,1206313032,1206316012,Veterans,Sinolon,2.671861032003955,QUEEN_CONTIGUITY
132,148,1206316001,1206316024,Basag,Aflek,4.724323368811194,QUEEN_CONTIGUITY
132,154,1206316001,1206316030,Basag,Mongocayo,5.558590613878177,QUEEN_CONTIGUITY
132,156,1206316001,1206316032,Basag,T'bolok,12.761357061197826,QUEEN_CONTIGUITY
133,134,1206316002,1206316004,Edwards,Kematu,8.583937494276707,QUEEN_CONTIGUITY
133,137,1206316002,1206316011,Edwards,New Dumangas,3.81067598593538,QUEEN_CONTIGUITY
133,138,1206316002,1206316012,Edwards,Sinolon,4.55451612399745,QUEEN_CONTIGUITY
133,144,1206316002,1206316020,Edwards,Poblacion,3.4225187600109908,QUEEN_CONTIGUITY
133,152,1206316002,1206316028,Edwards,Lemsnolon,3.3344025434989017,QUEEN_CONTIGUITY
134,142,1206316004,1206316018,Kematu,Lambuling,4.9220882989643355,QUEEN_CONTIGUITY
134,143,1206316004,1206316019,Kematu,Lamhako,5.303801015804906,QUEEN_CONTIGUITY
134,144,1206316004,1206316020,Kematu,Poblacion,6.318220294470223,QUEEN_CONTIGUITY
134,148,1206316004,1206316024,Kematu,Aflek,12.77659318833833,QUEEN_CONTIGUITY
134,149,1206316004,1206316025,Kematu,Datal Bob,7.5535476642991854,QUEEN_CONTIGUITY
134,150,1206316004,1206316026,Kematu,Desawo,2.903567710563973,QUEEN_CONTIGUITY
134,152,1206316004,1206316028,Kematu,Lemsnolon,6.221100206680323,QUEEN_CONTIGUITY
134,153,1206316004,1206316029,Kematu,Malugong,11.257302594121057,QUEEN_CONTIGUITY
134,156,1206316004,1206316032,Kematu,T'bolok,8.675684054511215,QUEEN_CONTIGUITY
135,137,1206316005,1206316011,Laconon,New Dumangas,13.971279479161298,QUEEN_CONTIGUITY
135,147,1206316005,1206316023,Laconon,Tudok,16.448827420011114,QUEEN_CONTIGUITY
135,151,1206316005,1206316027,Laconon,Dlanag,11.99560459088136,QUEEN_CONTIGUITY
135,155,1206316005,1206316031,Laconon,Salacafe,14.452971675769927,QUEEN_CONTIGUITY
136,139,1206316008,1206316014,Lamsalome,Lambangan,2.9466126133097044,QUEEN_CONTIGUITY
136,146,1206316008,1206316022,Lamsalome,Talufo,3.1933553510685218,QUEEN_CONTIGUITY
136,186,1206316008,1206317003,Lamsalome,Bunao,6.036682343686187,QUEEN_CONTIGUITY
136,192,1206316008,1206317010,Lamsalome,Lunen,5.976576999111494,QUEEN_CONTIGUITY
137,141,1206316011,1206316017,New Dumangas,Afus,6.658652230410185,QUEEN_CONTIGUITY
137,144,1206316011,1206316020,New Dumangas,Poblacion,2.0871922794646873,QUEEN_CONTIGUITY
137,155,1206316011,1206316031,New Dumangas,Salacafe,11.608047984463143,QUEEN_CONTIGUITY
138,143,1206316012,1206316019,Sinolon,Lamhako,4.998830465147263,QUEEN_CONTIGUITY
138,146,1206316012,1206316022,Sinolon,Talufo,5.605739364439215,QUEEN_CONTIGUITY
138,152,1206316012,1206316028,Sinolon,Lemsnolon,3.5530397950723462,QUEEN_CONTIGUITY
139,142,1206316014,1206316018,Lambangan,Lambuling,3.993123027057369,QUEEN_CONTIGUITY
139,146,1206316014,1206316022,Lambangan,Talufo,5.818386417093039,QUEEN_CONTIGUITY
139,149,1206316014,1206316025,Lambangan,Datal Bob,2.658797189374444,QUEEN_CONTIGUITY
139,186,1206316014,1206317003,Lambangan,Bunao,7.232674368611412,QUEEN_CONTIGUITY
139,196,1206316014,1206317014,Lambangan,Polonuling,4.892744839829995,QUEEN_CONTIGUITY
139,197,1206316014,1206317015,Lambangan,Simbo,3.7469294648251195,QUEEN_CONTIGUITY
140,147,1206316016,1206316023,Maan,Tudok,11.698728317745001,QUEEN_CONTIGUITY
140,154,1206316016,1206316030,Maan,Mongocayo,7.979399967153994,QUEEN_CONTIGUITY
140,155,1206316016,1206316031,Maan,Salacafe,13.534160524030742,QUEEN_CONTIGUITY
140,156,1206316016,1206316032,Maan,T'bolok,10.774049584616133,QUEEN_CONTIGUITY
141,144,1206316017,1206316020,Afus,Poblacion,5.747854569042985,QUEEN_CONTIGUITY
141,150,1206316017,1206316026,Afus,Desawo,2.2714720218299713,QUEEN_CONTIGUITY
141,155,1206316017,1206316031,Afus,Salacafe,5.928649358414149,QUEEN_CONTIGUITY
141,156,1206316017,1206316032,Afus,T'bolok,6.592701193547597,QUEEN_CONTIGUITY
142,143,1206316018,1206316019,Lambuling,Lamhako,3.108406036413118,QUEEN_CONTIGUITY
142,146,1206316018,1206316022,Lambuling,Talufo,3.790508855252555,QUEEN_CONTIGUITY
142,149,1206316018,1206316025,Lambuling,Datal Bob,4.959175682679147,QUEEN_CONTIGUITY
143,146,1206316019,1206316022,Lamhako,Talufo,3.090968498646363,QUEEN_CONTIGUITY
143,152,1206316019,1206316028,Lamhako,Lemsnolon,3.2962015183282825,QUEEN_CONTIGUITY
144,150,1206316020,1206316026,Poblacion,Desawo,4.817380944103007,QUEEN_CONTIGUITY
144,152,1206316020,1206316028,Poblacion,Lemsnolon,4.144059484264705,QUEEN_CONTIGUITY
145,148,1206316021,1206316024,Talcon,Aflek,3.67122111036535,QUEEN_CONTIGUITY
145,149,1206316021,1206316025,Talcon,Datal Bob,2.521335973823637,QUEEN_CONTIGUITY
145,153,1206316021,1206316029,Talcon,Malugong,1.7225937258379456,QUEEN_CONTIGUITY
145,196,1206316021,1206317014,Talcon,Polonuling,6.134974577273518,QUEEN_CONTIGUITY
145,197,1206316021,1206317015,Talcon,Simbo,3.2992788683199725,QUEEN_CONTIGUITY
146,192,1206316022,1206317010,Talufo,Lunen,5.806943422679861,QUEEN_CONTIGUITY
147,151,1206316023,1206316027,Tudok,Dlanag,6.296676738546496,QUEEN_CONTIGUITY
147,155,1206316023,1206316031,Tudok,Salacafe,7.554976410060675,QUEEN_CONTIGUITY
148,153,1206316024,1206316029,Aflek,Malugong,2.1096947174999836,QUEEN_CONTIGUITY
148,156,1206316024,1206316032,Aflek,T'bolok,14.897783048844193,QUEEN_CONTIGUITY
148,196,1206316024,1206317014,Aflek,Polonuling,7.932883136544621,QUEEN_CONTIGUITY
149,153,1206316025,1206316029,Datal Bob,Malugong,4.210187896615504,QUEEN_CONTIGUITY
149,197,1206316025,1206317015,Datal Bob,Simbo,3.7803668266790305,QUEEN_CONTIGUITY
150,156,1206316026,1206316032,Desawo,T'bolok,7.750663197164429,QUEEN_CONTIGUITY
151,155,1206316027,1206316031,Dlanag,Salacafe,3.225474280371763,QUEEN_CONTIGUITY
154,156,1206316030,1206316032,Mongocayo,T'bolok,8.492814032132523,QUEEN_CONTIGUITY
155,156,1206316031,1206316032,Salacafe,T'bolok,4.396573568302957,QUEEN_CONTIGUITY
157,163,1206314001,1206314007,Albagan,Tablu,8.094122950056953,QUEEN_CONTIGUITY
157,165,1206314001,1206314009,Albagan,Lampitak,3.114307577423524,QUEEN_CONTIGUITY
157,193,1206314001,1206317011,Albagan,Miasong,4.059516759148073,QUEEN_CONTIGUITY
158,159,1206314002,1206314003,Kipalbig,Lambayong,3.5140726829145246,QUEEN_CONTIGUITY
158,161,1206314002,1206314005,Kipalbig,Maltana,2.3497024531627595,QUEEN_CONTIGUITY
158,162,1206314002,1206314006,Kipalbig,Poblacion,3.859241628086611,QUEEN_CONTIGUITY
158,165,1206314002,1206314009,Kipalbig,Lampitak,6.713093911161987,QUEEN_CONTIGUITY
158,185,1206314002,1206317002,Kipalbig,Bololmala,3.7246820817255077,QUEEN_CONTIGUITY
158,187,1206314002,1206317004,Kipalbig,Cebuano,4.150613756160936,QUEEN_CONTIGUITY
159,160,1206314003,1206314004,Lambayong,Liberty,3.254344951805201,QUEEN_CONTIGUITY
159,161,1206314003,1206314005,Lambayong,Maltana,2.7847650963424124,QUEEN_CONTIGUITY
159,165,1206314003,1206314009,Lambayong,Lampitak,3.720462938349708,QUEEN_CONTIGUITY
160,161,1206314004,1206314005,Liberty,Maltana,5.237796290826607,QUEEN_CONTIGUITY
160,163,1206314004,1206314007,Liberty,Tablu,10.716239379981856,QUEEN_CONTIGUITY
160,164,1206314004,1206314008,Liberty,Buto,3.394719140149386,QUEEN_CONTIGUITY
160,165,1206314004,1206314009,Liberty,Lampitak,3.6073253916556545,QUEEN_CONTIGUITY
160,167,1206314004,1206314011,Liberty,Pula-bato,4.064386317141618,QUEEN_CONTIGUITY
160,169,1206314004,1206314013,Liberty,San Isidro,3.466111131107582,QUEEN_CONTIGUITY
161,162,1206314005,1206314006,Maltana,Poblacion,1.9282784648301072,QUEEN_CONTIGUITY
161,169,1206314005,1206314013,Maltana,San Isidro,2.310915655093643,QUEEN_CONTIGUITY
162,164,1206314006,1206314008,Poblacion,Buto,6.084907815428061,QUEEN_CONTIGUITY
162,169,1206314006,1206314013,Poblacion,San Isidro,2.795731564521724,QUEEN_CONTIGUITY
162,170,1206314006,1206314014,Poblacion,Santa Cruz,2.1541468814176197,QUEEN_CONTIGUITY
163,165,1206314007,1206314009,Tablu,Lampitak,10.404273396823388,QUEEN_CONTIGUITY
163,167,1206314007,1206314011,Tablu,Pula-bato,6.736644333605398,QUEEN_CONTIGUITY
163,168,1206314007,1206314012,Tablu,Danlag,5.227722821838791,QUEEN_CONTIGUITY
163,193,1206314007,1206317011,Tablu,Miasong,9.427018372423305,QUEEN_CONTIGUITY
164,166,1206314008,1206314010,Buto,Palo,3.413005512600936,QUEEN_CONTIGUITY
164,167,1206314008,1206314011,Buto,Pula-bato,5.504320772267171,QUEEN_CONTIGUITY
164,168,1206314008,1206314012,Buto,Danlag,7.60129675527768,QUEEN_CONTIGUITY
164,169,1206314008,1206314013,Buto,San Isidro,3.830416850811382,QUEEN_CONTIGUITY
164,170,1206314008,1206314014,Buto,Santa Cruz,4.931189930236206,QUEEN_CONTIGUITY
165,167,1206314009,1206314011,Lampitak,Pula-bato,5.172905844971141,QUEEN_CONTIGUITY
165,187,1206314009,1206317004,Lampitak,Cebuano,7.543471977099278,QUEEN_CONTIGUITY
165,193,1206314009,1206317011,Lampitak,Miasong,6.590988868565885,QUEEN_CONTIGUITY
166,167,1206314010,1206314011,Palo,Pula-bato,4.487015076800144,QUEEN_CONTIGUITY
166,168,1206314010,1206314012,Palo,Danlag,4.722331391823855,QUEEN_CONTIGUITY
167,168,1206314011,1206314012,Pula-bato,Danlag,3.9304502737979914,QUEEN_CONTIGUITY
171,173,1206315001,1206315003,Bukay Pait,Dumadalig,2.979280112677739,QUEEN_CONTIGUITY
171,176,1206315001,1206315006,Bukay Pait,Maibo,2.1073188141615855,QUEEN_CONTIGUITY
172,176,1206315002,1206315006,Cabuling,Maibo,3.1903343427540785,QUEEN_CONTIGUITY
172,178,1206315002,1206315008,Cabuling,New Iloilo,1.4707747388860708,QUEEN_CONTIGUITY
172,179,1206315002,1206315009,Cabuling,New Lambunao,3.1295362096840136,QUEEN_CONTIGUITY
172,181,1206315002,1206315011,Cabuling,San Felipe,3.603526277280508,QUEEN_CONTIGUITY
173,176,1206315003,1206315006,Dumadalig,Maibo,4.82898302501068,QUEEN_CONTIGUITY
173,180,1206315003,1206315010,Dumadalig,Poblacion,5.195923699573471,QUEEN_CONTIGUITY
174,176,1206315004,1206315006,Libas,Maibo,4.010790916747681,QUEEN_CONTIGUITY
174,178,1206315004,1206315008,Libas,New Iloilo,4.326677475129512,QUEEN_CONTIGUITY
174,181,1206315004,1206315011,Libas,San Felipe,4.275404801828936,QUEEN_CONTIGUITY
174,183,1206315004,1206315013,Libas,Tinongcop,1.8316628876338945,QUEEN_CONTIGUITY
175,177,1206315005,1206315007,Magon,Mangilala,2.3979318345184297,QUEEN_CONTIGUITY
175,180,1206315005,1206315010,Magon,Poblacion,2.9948344230705524,QUEEN_CONTIGUITY
175,182,1206315005,1206315012,Magon,New Cuyapo,5.139749686262221,NEAREST_FALLBACK
176,178,1206315006,1206315008,Maibo,New Iloilo,1.8217114136984616,QUEEN_CONTIGUITY
177,180,1206315007,1206315010,Mangilala,Poblacion,2.8347348569818838,QUEEN_CONTIGUITY
177,182,1206315007,1206315012,Mangilala,New Cuyapo,2.9562821178144634,QUEEN_CONTIGUITY
178,181,1206315008,1206315011,New Iloilo,San Felipe,3.6437443049319875,QUEEN_CONTIGUITY
179,181,1206315009,1206315011,New Lambunao,San Felipe,1.595328592779969,QUEEN_CONTIGUITY
180,182,1206315010,1206315012,Poblacion,New Cuyapo,3.6465861302115927,QUEEN_CONTIGUITY
181,183,1206315011,1206315013,San Felipe,Tinongcop,3.5217406908430577,QUEEN_CONTIGUITY
184,189,1206317001,1206317006,Acmonan,Kablon,2.943631278121763,QUEEN_CONTIGUITY
184,191,1206317001,1206317009,Acmonan,Linan,3.081445241763844,QUEEN_CONTIGUITY
184,193,1206317001,1206317011,Acmonan,Miasong,9.192577057738687,QUEEN_CONTIGUITY
184,195,1206317001,1206317013,Acmonan,Poblacion,5.072801709545473,QUEEN_CONTIGUITY
184,196,1206317001,1206317014,Acmonan,Polonuling,8.846094299761388,QUEEN_CONTIGUITY
185,187,1206317002,1206317004,Bololmala,Cebuano,3.424745362744411,QUEEN_CONTIGUITY
185,188,1206317002,1206317005,Bololmala,Crossing Rubber,3.0765232494573365,QUEEN_CONTIGUITY
185,194,1206317002,1206317012,Bololmala,Palian,2.8901553578604426,QUEEN_CONTIGUITY
186,188,1206317003,1206317005,Bunao,Crossing Rubber,5.102939740833619,QUEEN_CONTIGUITY
186,190,1206317003,1206317007,Bunao,Kalkam,2.5539141833916306,QUEEN_CONTIGUITY
186,192,1206317003,1206317010,Bunao,Lunen,4.525926721590744,QUEEN_CONTIGUITY
186,195,1206317003,1206317013,Bunao,Poblacion,2.8863373607506597,QUEEN_CONTIGUITY
186,196,1206317003,1206317014,Bunao,Polonuling,5.195252567572382,QUEEN_CONTIGUITY
187,188,1206317004,1206317005,Cebuano,Crossing Rubber,4.558531451445931,QUEEN_CONTIGUITY
187,191,1206317004,1206317009,Cebuano,Linan,4.845162095958552,QUEEN_CONTIGUITY
187,193,1206317004,1206317011,Cebuano,Miasong,11.230152174591803,QUEEN_CONTIGUITY
187,195,1206317004,1206317013,Cebuano,Poblacion,5.439437879804607,QUEEN_CONTIGUITY
188,190,1206317005,1206317007,Crossing Rubber,Kalkam,3.726586448072819,QUEEN_CONTIGUITY
188,192,1206317005,1206317010,Crossing Rubber,Lunen,5.332186677109852,QUEEN_CONTIGUITY
188,194,1206317005,1206317012,Crossing Rubber,Palian,3.1277718448802205,QUEEN_CONTIGUITY
188,195,1206317005,1206317013,Crossing Rubber,Poblacion,4.603665234664084,QUEEN_CONTIGUITY
189,193,1206317006,1206317011,Kablon,Miasong,10.812638692927695,QUEEN_CONTIGUITY
189,195,1206317006,1206317013,Kablon,Poblacion,5.803155671915472,QUEEN_CONTIGUITY
189,196,1206317006,1206317014,Kablon,Polonuling,7.092168766317781,QUEEN_CONTIGUITY
190,192,1206317007,1206317010,Kalkam,Lunen,2.3833823884534087,QUEEN_CONTIGUITY
191,193,1206317009,1206317011,Linan,Miasong,6.97232674708199,QUEEN_CONTIGUITY
191,195,1206317009,1206317013,Linan,Poblacion,7.084680422764196,QUEEN_CONTIGUITY
192,194,1206317010,1206317012,Lunen,Palian,6.524374887108254,QUEEN_CONTIGUITY
192,198,1206317010,1206317016,Lunen,Tubeng,3.8046945367929834,QUEEN_CONTIGUITY
194,198,1206317012,1206317016,Palian,Tubeng,4.601508711106059,QUEEN_CONTIGUITY
195,196,1206317013,1206317014,Poblacion,Polonuling,6.218123126251754,QUEEN_CONTIGUITY
196,197,1206317014,1206317015,Polonuling,Simbo,2.8372909323665443,QUEEN_CONTIGUITY
