PSGC,PROVINCE,MUNICIPALITY,BARANGAY,CALIBRATION_STATUS,MEAN_OUTBREAK_PROBABILITY,MAX_OUTBREAK_PROBABILITY,MEAN_POSTERIOR_CASES,MAX_POSTERIOR_CASES,AUTOMATIC_ALERT_MONTHS,MAX_HOTSPOT_Z_SCORE
1206312024,South Cotabato,Polomolok,Cannery Site,CALIBRATED_SOUTH_COTABATO,0.257080,0.344000,5.510680,6.304000,299,7.167273
1206312014,South Cotabato,Polomolok,Poblacion,CALIBRATED_SOUTH_COTABATO,0.205800,0.284000,6.956147,7.992000,299,7.570658
1206312025,South Cotabato,Polomolok,Pagalungan,CALIBRATED_SOUTH_COTABATO,0.303253,0.400000,2.768520,3.340000,298,5.767872
1206312017,South Cotabato,Polomolok,Rubber,CALIBRATED_SOUTH_COTABATO,0.299453,0.380000,2.734573,3.276000,276,3.141937
1206312016,South Cotabato,Polomolok,Magsaysay,CALIBRATED_SOUTH_COTABATO,0.417493,0.512000,2.567213,3.096000,268,6.184779
1206312003,South Cotabato,Polomolok,Glamang,CALIBRATED_SOUTH_COTABATO,0.285573,0.384000,2.646747,3.136000,267,3.551049
1206312022,South Cotabato,Polomolok,Upper Klinan,CALIBRATED_SOUTH_COTABATO,0.398067,0.488000,2.440440,2.980000,231,4.798764
1206313019,South Cotabato,Surallah,Libertad,CALIBRATED_SOUTH_COTABATO,0.153747,0.244000,3.023760,3.656000,229,3.148178
1206313003,South Cotabato,Surallah,Centrala,CALIBRATED_SOUTH_COTABATO,0.129653,0.220000,2.798387,3.424000,229,4.193749
1206313023,South Cotabato,Surallah,Moloy,CALIBRATED_SOUTH_COTABATO,0.183893,0.276000,2.649387,3.348000,215,3.872705
1206313004,South Cotabato,Surallah,Colongulo,CALIBRATED_SOUTH_COTABATO,0.153053,0.244000,2.414960,2.996000,197,3.746039
1206312007,South Cotabato,Polomolok,Lam-Caliaf,CALIBRATED_SOUTH_COTABATO,0.388667,0.488000,2.397440,2.884000,189,7.322091
1206313020,South Cotabato,Surallah,Little Baguio,CALIBRATED_SOUTH_COTABATO,0.179333,0.276000,2.618053,3.264000,188,1.962464
1206312013,South Cotabato,Polomolok,Palkan,CALIBRATED_SOUTH_COTABATO,0.272147,0.380000,2.551440,3.084000,178,2.773302
1206312019,South Cotabato,Polomolok,Silway 8,CALIBRATED_SOUTH_COTABATO,0.376867,0.468000,2.323080,2.780000,140,7.517945
1206313006,South Cotabato,Surallah,Duengas,CALIBRATED_SOUTH_COTABATO,0.237800,0.332000,2.343067,3.096000,131,3.239040
1206313008,South Cotabato,Surallah,Canahay,CALIBRATED_SOUTH_COTABATO,0.141147,0.256000,2.322360,2.880000,102,2.832394
1206313018,South Cotabato,Surallah,Lamsugod,CALIBRATED_SOUTH_COTABATO,0.151213,0.268000,2.399040,3.028000,82,2.991747
1206313028,South Cotabato,Surallah,Talahik,CALIBRATED_SOUTH_COTABATO,0.223533,0.336000,2.251427,2.856000,75,3.402394
1206313024,South Cotabato,Surallah,Naci,CALIBRATED_SOUTH_COTABATO,0.219907,0.332000,2.235200,2.764000,74,3.084771
1206313032,South Cotabato,Surallah,Veterans,CALIBRATED_SOUTH_COTABATO,0.158347,0.240000,2.455080,2.948000,70,1.918916
1206313030,South Cotabato,Surallah,Tubiala,CALIBRATED_SOUTH_COTABATO,0.212040,0.296000,2.183813,2.696000,50,3.142510
1206313005,South Cotabato,Surallah,Dajay,CALIBRATED_SOUTH_COTABATO,0.205707,0.296000,2.150587,2.800000,35,4.167298
1206312018,South Cotabato,Polomolok,Silway 7,CALIBRATED_SOUTH_COTABATO,0.340000,0.452000,2.132160,2.564000,27,3.286697
1206313031,South Cotabato,Surallah,Upper Sepaka,CALIBRATED_SOUTH_COTABATO,0.200827,0.312000,2.114427,2.752000,23,3.047346
1206312004,South Cotabato,Polomolok,Kinilis,CALIBRATED_SOUTH_COTABATO,0.327853,0.420000,2.067493,2.424000,7,4.212822
1206312005,South Cotabato,Polomolok,Klinan 6,CALIBRATED_SOUTH_COTABATO,0.323320,0.416000,2.053880,2.448000,6,2.705069
1206312002,South Cotabato,Polomolok,Crossing Palkan,CALIBRATED_SOUTH_COTABATO,0.331133,0.416000,2.074093,2.416000,6,2.603953
1206312009,South Cotabato,Polomolok,Lumakil,CALIBRATED_SOUTH_COTABATO,0.308933,0.444000,1.982507,2.440000,5,5.358398
1206313002,South Cotabato,Surallah,Buenavista,CALIBRATED_SOUTH_COTABATO,0.190747,0.272000,2.057587,2.508000,5,3.111945
1206319013,South Cotabato,Lake Sebu,Ned,CALIBRATED_SOUTH_COTABATO,0.214133,0.300000,2.207053,2.656000,4,1.275851
1206312015,South Cotabato,Polomolok,Polo,CALIBRATED_SOUTH_COTABATO,0.303947,0.400000,1.947080,2.256000,1,4.619681
1206312008,South Cotabato,Polomolok,Landan,CALIBRATED_SOUTH_COTABATO,0.312107,0.396000,1.991547,2.336000,1,1.912253
1206317014,South Cotabato,Tupi,Polonuling,CALIBRATED_SOUTH_COTABATO,0.005293,0.028000,1.766227,2.168000,1,2.022771
1206317013,South Cotabato,Tupi,Poblacion,CALIBRATED_SOUTH_COTABATO,0.000693,0.016000,2.948187,3.588000,1,1.909591
1206312011,South Cotabato,Polomolok,Maligo,CALIBRATED_SOUTH_COTABATO,0.431960,0.520000,1.633067,1.936000,0,2.511232
1206312023,South Cotabato,Polomolok,Lapu,CALIBRATED_SOUTH_COTABATO,0.367440,0.480000,1.373813,1.736000,0,0.985929
1206312001,South Cotabato,Polomolok,Bentung,CALIBRATED_SOUTH_COTABATO,0.394093,0.472000,1.477413,1.776000,0,1.235246
1206312021,South Cotabato,Polomolok,Sumbakil,CALIBRATED_SOUTH_COTABATO,0.377173,0.464000,1.407093,1.768000,0,1.505664
1206319002,South Cotabato,Lake Sebu,Denlag,CALIBRATED_SOUTH_COTABATO,0.330560,0.460000,1.241667,1.564000,0,-0.515736
1206316032,South Cotabato,T'Boli,T'bolok,CALIBRATED_SOUTH_COTABATO,0.348320,0.444000,1.303000,1.656000,0,0.020283
1206316012,South Cotabato,T'Boli,Sinolon,CALIBRATED_SOUTH_COTABATO,0.350280,0.440000,1.315933,1.656000,0,0.998712
1206316004,South Cotabato,T'Boli,Kematu,CALIBRATED_SOUTH_COTABATO,0.350267,0.436000,1.314613,1.616000,0,0.747405
1206316030,South Cotabato,T'Boli,Mongocayo,CALIBRATED_SOUTH_COTABATO,0.299267,0.436000,1.128680,1.432000,0,0.180851
1206319008,South Cotabato,Lake Sebu,Lamdalag,CALIBRATED_SOUTH_COTABATO,0.327933,0.428000,1.224000,1.480000,0,-0.608509
1206316001,South Cotabato,T'Boli,Basag,CALIBRATED_SOUTH_COTABATO,0.340667,0.420000,1.277627,1.508000,0,1.830141
1206316016,South Cotabato,T'Boli,Maan,CALIBRATED_SOUTH_COTABATO,0.326547,0.420000,1.222493,1.500000,0,0.073065
1206319016,South Cotabato,Lake Sebu,Talisay,CALIBRATED_SOUTH_COTABATO,0.332667,0.416000,1.245293,1.468000,0,1.258659
1206316008,South Cotabato,T'Boli,Lamsalome,CALIBRATED_SOUTH_COTABATO,0.324640,0.412000,1.220587,1.500000,0,-0.123581
1206319018,South Cotabato,Lake Sebu,Upper Maculan,CALIBRATED_SOUTH_COTABATO,0.308987,0.412000,1.165440,1.496000,0,-0.196811
1206319009,South Cotabato,Lake Sebu,Lamfugon,CALIBRATED_SOUTH_COTABATO,0.318613,0.412000,1.196893,1.448000,0,1.573739
1206302008,South Cotabato,Banga,Improgo Village,CALIBRATED_SOUTH_COTABATO,0.312133,0.400000,1.168267,1.472000,0,0.666601
1206316026,South Cotabato,T'Boli,Desawo,CALIBRATED_SOUTH_COTABATO,0.306080,0.400000,1.153747,1.440000,0,0.694462
1206316011,South Cotabato,T'Boli,New Dumangas,CALIBRATED_SOUTH_COTABATO,0.302293,0.400000,1.139960,1.428000,0,0.244053
1206316025,South Cotabato,T'Boli,Datal Bob,CALIBRATED_SOUTH_COTABATO,0.307760,0.400000,1.156667,1.428000,0,-0.127779
1206319015,South Cotabato,Lake Sebu,Siluton,CALIBRATED_SOUTH_COTABATO,0.318680,0.400000,1.200320,1.416000,0,-0.241560
1206319014,South Cotabato,Lake Sebu,Poblacion,CALIBRATED_SOUTH_COTABATO,0.296013,0.400000,1.122107,1.392000,0,-0.375771
1206316031,South Cotabato,T'Boli,Salacafe,CALIBRATED_SOUTH_COTABATO,0.316813,0.396000,1.188720,1.496000,0,-0.208298
1206316018,South Cotabato,T'Boli,Lambuling,CALIBRATED_SOUTH_COTABATO,0.314280,0.396000,1.184227,1.420000,0,0.005600
1206319004,South Cotabato,Lake Sebu,Hanoon,CALIBRATED_SOUTH_COTABATO,0.303387,0.388000,1.144907,1.412000,0,2.522460
1206316002,South Cotabato,T'Boli,Edwards,CALIBRATED_SOUTH_COTABATO,0.288240,0.384000,1.870120,2.240000,0,1.083224
1206302009,South Cotabato,Banga,Kusan,CALIBRATED_SOUTH_COTABATO,0.297960,0.384000,1.130827,1.440000,0,1.171573
1206319019,South Cotabato,Lake Sebu,Tasiman,CALIBRATED_SOUTH_COTABATO,0.302267,0.384000,1.141720,1.424000,0,0.272466
1206319011,South Cotabato,Lake Sebu,Lower Maculan,CALIBRATED_SOUTH_COTABATO,0.295667,0.384000,1.119013,1.368000,0,0.421993
1206316023,South Cotabato,T'Boli,Tudok,CALIBRATED_SOUTH_COTABATO,0.294373,0.384000,1.117893,1.352000,0,-0.214234
1206302006,South Cotabato,Banga,Derilon,CALIBRATED_SOUTH_COTABATO,0.296973,0.380000,1.122760,1.408000,0,0.661604
1206314011,South Cotabato,Tampakan,Pula-bato,CALIBRATED_SOUTH_COTABATO,0.276600,0.380000,1.060907,1.360000,0,0.118871
1206314014,South Cotabato,Tampakan,Santa Cruz,CALIBRATED_SOUTH_COTABATO,0.267880,0.376000,1.025947,1.400000,0,-0.891995
1206302013,South Cotabato,Banga,Lampari,CALIBRATED_SOUTH_COTABATO,0.295280,0.376000,1.117040,1.368000,0,-0.314277
1206316024,South Cotabato,T'Boli,Aflek,CALIBRATED_SOUTH_COTABATO,0.292147,0.376000,1.104187,1.324000,0,0.737329
1206314003,South Cotabato,Tampakan,Lambayong,CALIBRATED_SOUTH_COTABATO,0.275093,0.372000,1.052000,1.340000,0,0.359065
1206319001,South Cotabato,Lake Sebu,Bacdulong,CALIBRATED_SOUTH_COTABATO,0.285960,0.368000,1.083600,1.300000,0,-0.422587
1206316021,South Cotabato,T'Boli,Talcon,CALIBRATED_SOUTH_COTABATO,0.277840,0.364000,1.053467,1.324000,0,0.052062
1206316019,South Cotabato,T'Boli,Lamhako,CALIBRATED_SOUTH_COTABATO,0.272667,0.364000,1.043813,1.296000,0,0.214412
1206316017,South Cotabato,T'Boli,Afus,CALIBRATED_SOUTH_COTABATO,0.271467,0.360000,1.037227,1.332000,0,0.503832
1206318010,South Cotabato,Santo Niño,Sajaneba,CALIBRATED_SOUTH_COTABATO,0.250440,0.360000,0.971933,1.324000,0,0.270291
1206312020,South Cotabato,Polomolok,Sulit,CALIBRATED_SOUTH_COTABATO,0.276320,0.356000,1.805107,2.148000,0,3.141487
1206318001,South Cotabato,Santo Niño,Ambalgan,CALIBRATED_SOUTH_COTABATO,0.275107,0.356000,1.055107,1.292000,0,0.279526
1206302020,South Cotabato,Banga,Rizal Poblacion,CALIBRATED_SOUTH_COTABATO,0.252160,0.352000,1.704587,2.124000,0,1.138254
1206312006,South Cotabato,Polomolok,Koronadal Proper,CALIBRATED_SOUTH_COTABATO,0.264253,0.352000,1.749600,2.064000,0,1.343374
1206316005,South Cotabato,T'Boli,Laconon,CALIBRATED_SOUTH_COTABATO,0.271547,0.352000,1.041040,1.296000,0,-0.421211
1206319007,South Cotabato,Lake Sebu,Lamcade,CALIBRATED_SOUTH_COTABATO,0.263040,0.352000,1.011480,1.260000,0,-0.360647
1206319010,South Cotabato,Lake Sebu,Lamlahak,CALIBRATED_SOUTH_COTABATO,0.236653,0.348000,0.926253,1.172000,0,-0.551433
1206316022,South Cotabato,T'Boli,Talufo,CALIBRATED_SOUTH_COTABATO,0.245867,0.344000,0.955120,1.196000,0,-0.020717
1206319003,South Cotabato,Lake Sebu,Halilan,CALIBRATED_SOUTH_COTABATO,0.238853,0.340000,0.939413,1.236000,0,-0.159781
1206314008,South Cotabato,Tampakan,Buto,CALIBRATED_SOUTH_COTABATO,0.253480,0.336000,0.978267,1.252000,0,-0.145918
1206319006,South Cotabato,Lake Sebu,Lake Lahit,CALIBRATED_SOUTH_COTABATO,0.262093,0.336000,1.005440,1.236000,0,-0.273373
1206319012,South Cotabato,Lake Sebu,Luhib,CALIBRATED_SOUTH_COTABATO,0.264387,0.332000,1.011053,1.240000,0,0.962622
1206316027,South Cotabato,T'Boli,Dlanag,CALIBRATED_SOUTH_COTABATO,0.248813,0.328000,0.965000,1.168000,0,-0.219994
1206302005,South Cotabato,Banga,Cinco,CALIBRATED_SOUTH_COTABATO,0.238840,0.312000,1.633560,1.916000,0,2.866417
1206302014,South Cotabato,Banga,Liwanay,CALIBRATED_SOUTH_COTABATO,0.206747,0.312000,1.483747,1.860000,0,2.608077
1206319017,South Cotabato,Lake Sebu,Takunel,CALIBRATED_SOUTH_COTABATO,0.240413,0.312000,0.937427,1.128000,0,-0.422223
1206302016,South Cotabato,Banga,Punong Grande,CALIBRATED_SOUTH_COTABATO,0.217613,0.300000,1.535387,1.892000,0,0.768707
1206302019,South Cotabato,Banga,Rizal,CALIBRATED_SOUTH_COTABATO,0.226040,0.296000,1.569440,2.024000,0,0.754516
1206316028,South Cotabato,T'Boli,Lemsnolon,CALIBRATED_SOUTH_COTABATO,0.193587,0.296000,1.413893,1.776000,0,1.110421
1206302011,South Cotabato,Banga,Lamba,CALIBRATED_SOUTH_COTABATO,0.217387,0.284000,1.523320,1.804000,0,1.207753
1206302002,South Cotabato,Banga,Benitez,CALIBRATED_SOUTH_COTABATO,0.201747,0.284000,1.452040,1.796000,0,0.920911
1206316014,South Cotabato,T'Boli,Lambangan,CALIBRATED_SOUTH_COTABATO,0.182227,0.284000,1.365907,1.620000,0,0.163190
1206302021,South Cotabato,Banga,San Jose,CALIBRATED_SOUTH_COTABATO,0.214627,0.280000,1.511360,1.788000,0,1.157405
1206314005,South Cotabato,Tampakan,Maltana,CALIBRATED_SOUTH_COTABATO,0.191200,0.280000,1.405573,1.788000,0,0.951842
